date,sku_store,p10,p50,p90,item_id,store_id,state_id,cat_id,p10_total,p50_total,p90_total,p10_reconciled,p50_reconciled,p90_reconciled,mean_demand,std_demand,safety_stock,reorder_point
2012-02-05,FOODS_3_062_TX_2,0.0,0.0,3.6430856766666992,FOODS_3_062,TX_2,TX,FOODS,0.0,0.0,326.70763694133075,,,3.6430856766666992,,,,
2012-02-05,FOODS_3_123_TX_2,0.0,0.0,0.9824280402865972,FOODS_3_123,TX_2,TX,FOODS,0.0,0.0,326.70763694133075,,,0.9824280402865972,,,,
2012-02-05,HOBBIES_1_409_TX_3,0.0,0.0,1.903982910593412,HOBBIES_1_409,TX_3,TX,HOBBIES,0.0,0.0,326.70763694133075,,,1.903982910593412,,,,
2012-02-05,HOUSEHOLD_1_021_TX_3,0.0,0.0,3.791410351762614,HOUSEHOLD_1_021,TX_3,TX,HOUSEHOLD,0.0,0.0,326.70763694133075,,,3.791410351762614,,,,
2012-02-05,FOODS_2_311_TX_3,0.0,0.0,5.01135671446468,FOODS_2_311,TX_3,TX,FOODS,0.0,0.0,326.70763694133075,,,5.01135671446468,,,,
2012-02-05,HOUSEHOLD_2_407_TX_3,0.0,0.0,1.3076892461067204,HOUSEHOLD_2_407,TX_3,TX,HOUSEHOLD,0.0,0.0,326.70763694133075,,,1.3076892461067204,,,,
2012-02-05,FOODS_1_005_TX_3,0.0,0.0,1.0030037313503712,FOODS_1_005,TX_3,TX,FOODS,0.0,0.0,326.70763694133075,,,1.0030037313503712,,,,
2012-02-05,FOODS_3_045_TX_3,0.0,0.0,5.582032360020421,FOODS_3_045,TX_3,TX,FOODS,0.0,0.0,326.70763694133075,,,5.582032360020421,,,,
2012-02-05,FOODS_2_368_TX_2,0.0,0.0,0.9824280402865972,FOODS_2_368,TX_2,TX,FOODS,0.0,0.0,326.70763694133075,,,0.9824280402865972,,,,
2012-02-05,HOUSEHOLD_1_395_TX_3,0.0,0.0,2.688839802198999,HOUSEHOLD_1_395,TX_3,TX,HOUSEHOLD,0.0,0.0,326.70763694133075,,,2.688839802198999,,,,
2012-02-05,FOODS_2_295_TX_2,0.0,0.0,2.985402068211275,FOODS_2_295,TX_2,TX,FOODS,0.0,0.0,326.70763694133075,,,2.985402068211275,,,,
2012-02-05,FOODS_3_118_TX_1,0.0,0.0,9.738090829267696,FOODS_3_118,TX_1,TX,FOODS,0.0,0.0,326.70763694133075,,,9.738090829267696,,,,
2012-02-05,HOUSEHOLD_2_424_TX_2,0.0,0.0,1.8490391525779089,HOUSEHOLD_2_424,TX_2,TX,HOUSEHOLD,0.0,0.0,326.70763694133075,,,1.8490391525779089,,,,
2012-02-05,HOUSEHOLD_2_410_TX_2,0.0,0.0,2.923280865507755,HOUSEHOLD_2_410,TX_2,TX,HOUSEHOLD,0.0,0.0,326.70763694133075,,,2.923280865507755,,,,
2012-02-05,HOUSEHOLD_2_296_TX_2,0.0,0.0,0.9824280402865972,HOUSEHOLD_2_296,TX_2,TX,HOUSEHOLD,0.0,0.0,326.70763694133075,,,0.9824280402865972,,,,
2012-02-05,HOUSEHOLD_1_408_TX_2,0.0,0.0,0.9824280402865972,HOUSEHOLD_1_408,TX_2,TX,HOUSEHOLD,0.0,0.0,326.70763694133075,,,0.9824280402865972,,,,
2012-02-05,HOUSEHOLD_1_188_TX_2,0.0,0.0,4.380846867603743,HOUSEHOLD_1_188,TX_2,TX,HOUSEHOLD,0.0,0.0,326.70763694133075,,,4.380846867603743,,,,
2012-02-05,HOBBIES_1_022_TX_2,0.0,0.0,2.485494409358357,HOBBIES_1_022,TX_2,TX,HOBBIES,0.0,0.0,326.70763694133075,,,2.485494409358357,,,,
2012-02-05,FOODS_3_645_TX_1,0.0,0.0,1.0239484072312466,FOODS_3_645,TX_1,TX,FOODS,0.0,0.0,326.70763694133075,,,1.0239484072312466,,,,
2012-02-05,FOODS_3_331_TX_1,0.0,0.0,8.805496124969087,FOODS_3_331,TX_1,TX,FOODS,0.0,0.0,326.70763694133075,,,8.805496124969087,,,,
2012-02-05,FOODS_3_309_TX_1,0.0,0.0,1.1420278166426618,FOODS_3_309,TX_1,TX,FOODS,0.0,0.0,326.70763694133075,,,1.1420278166426618,,,,
2012-02-05,FOODS_3_165_TX_1,0.0,0.0,1.0199163474678012,FOODS_3_165,TX_1,TX,FOODS,0.0,0.0,326.70763694133075,,,1.0199163474678012,,,,
2012-02-05,FOODS_3_149_TX_3,0.0,0.0,2.370764626403648,FOODS_3_149,TX_3,TX,FOODS,0.0,0.0,326.70763694133075,,,2.370764626403648,,,,
2012-02-05,FOODS_1_049_TX_2,0.0,0.0,5.047906218195676,FOODS_1_049,TX_2,TX,FOODS,0.0,0.0,326.70763694133075,,,5.047906218195676,,,,
2012-02-05,FOODS_3_295_TX_3,0.0,0.0,14.825807736883084,FOODS_3_295,TX_3,TX,FOODS,0.0,0.0,326.70763694133075,,,14.825807736883084,,,,
2012-02-05,FOODS_3_023_WI_3,0.0,0.0,4.486220731750236,FOODS_3_023,WI_3,WI,FOODS,0.0,0.0,326.70763694133075,,,4.486220731750236,,,,
2012-02-05,HOUSEHOLD_1_272_WI_1,0.0,0.0,3.2868383605533995,HOUSEHOLD_1_272,WI_1,WI,HOUSEHOLD,0.0,0.0,326.70763694133075,,,3.2868383605533995,,,,
2012-02-05,FOODS_3_692_WI_3,0.0,0.0,6.655697875447291,FOODS_3_692,WI_3,WI,FOODS,0.0,0.0,326.70763694133075,,,6.655697875447291,,,,
2012-02-05,FOODS_3_397_WI_3,0.0,0.0,0.9941901359940492,FOODS_3_397,WI_3,WI,FOODS,0.0,0.0,326.70763694133075,,,0.9941901359940492,,,,
2012-02-05,FOODS_2_317_WI_3,0.0,0.0,3.6028876337782574,FOODS_2_317,WI_3,WI,FOODS,0.0,0.0,326.70763694133075,,,3.6028876337782574,,,,
2012-02-05,FOODS_2_212_WI_3,0.0,0.0,1.2911280127694258,FOODS_2_212,WI_3,WI,FOODS,0.0,0.0,326.70763694133075,,,1.2911280127694258,,,,
2012-02-05,FOODS_2_127_WI_3,0.0,0.0,0.9941901359940492,FOODS_2_127,WI_3,WI,FOODS,0.0,0.0,326.70763694133075,,,0.9941901359940492,,,,
2012-02-05,HOUSEHOLD_2_287_WI_3,0.0,0.0,1.0239484072312466,HOUSEHOLD_2_287,WI_3,WI,HOUSEHOLD,0.0,0.0,326.70763694133075,,,1.0239484072312466,,,,
2012-02-05,HOUSEHOLD_2_211_WI_3,0.0,0.0,1.0239484072312466,HOUSEHOLD_2_211,WI_3,WI,HOUSEHOLD,0.0,0.0,326.70763694133075,,,1.0239484072312466,,,,
2012-02-05,HOUSEHOLD_2_209_WI_3,0.0,0.0,1.454759848888936,HOUSEHOLD_2_209,WI_3,WI,HOUSEHOLD,0.0,0.0,326.70763694133075,,,1.454759848888936,,,,
2012-02-05,HOBBIES_2_011_WI_3,0.0,0.0,1.978399530546563,HOBBIES_2_011,WI_3,WI,HOBBIES,0.0,0.0,326.70763694133075,,,1.978399530546563,,,,
2012-02-05,HOBBIES_1_343_WI_3,0.0,0.0,3.8422767769067696,HOBBIES_1_343,WI_3,WI,HOBBIES,0.0,0.0,326.70763694133075,,,3.8422767769067696,,,,
2012-02-05,HOBBIES_1_315_WI_1,0.0,0.0,1.0239484072312466,HOBBIES_1_315,WI_1,WI,HOBBIES,0.0,0.0,326.70763694133075,,,1.0239484072312466,,,,
2012-02-05,HOBBIES_1_337_WI_3,0.0,0.0,3.979555927463599,HOBBIES_1_337,WI_3,WI,HOBBIES,0.0,0.0,326.70763694133075,,,3.979555927463599,,,,
2012-02-05,FOODS_3_356_WI_2,0.0,0.0,0.991241635642919,FOODS_3_356,WI_2,WI,FOODS,0.0,0.0,326.70763694133075,,,0.991241635642919,,,,
2012-02-05,FOODS_2_042_WI_2,0.0,0.0,0.991241635642919,FOODS_2_042,WI_2,WI,FOODS,0.0,0.0,326.70763694133075,,,0.991241635642919,,,,
2012-02-05,HOUSEHOLD_2_292_WI_2,0.0,0.0,0.9824280402865972,HOUSEHOLD_2_292,WI_2,WI,HOUSEHOLD,0.0,0.0,326.70763694133075,,,0.9824280402865972,,,,
2012-02-05,HOUSEHOLD_1_255_WI_2,0.0,0.0,1.3028901084768776,HOUSEHOLD_1_255,WI_2,WI,HOUSEHOLD,0.0,0.0,326.70763694133075,,,1.3028901084768778,,,,
2012-02-05,HOBBIES_2_062_WI_2,0.0,0.0,0.9941901359940492,HOBBIES_2_062,WI_2,WI,HOBBIES,0.0,0.0,326.70763694133075,,,0.9941901359940492,,,,
2012-02-05,HOBBIES_1_108_WI_2,0.0,0.0,0.9941901359940492,HOBBIES_1_108,WI_2,WI,HOBBIES,0.0,0.0,326.70763694133075,,,0.9941901359940492,,,,
2012-02-05,FOODS_3_584_WI_1,0.0,0.0,5.834782802219796,FOODS_3_584,WI_1,WI,FOODS,0.0,0.0,326.70763694133075,,,5.834782802219796,,,,
2012-02-05,FOODS_3_134_WI_1,0.0,0.0,0.9941901359940492,FOODS_3_134,WI_1,WI,FOODS,0.0,0.0,326.70763694133075,,,0.9941901359940492,,,,
2012-02-05,FOODS_2_052_WI_1,0.0,0.0,2.741335156226401,FOODS_2_052,WI_1,WI,FOODS,0.0,0.0,326.70763694133075,,,2.741335156226401,,,,
2012-02-05,FOODS_1_176_WI_1,0.0,0.0,4.147641927029718,FOODS_1_176,WI_1,WI,FOODS,0.0,0.0,326.70763694133075,,,4.147641927029718,,,,
2012-02-05,FOODS_3_805_WI_2,0.0,0.0,7.424053968860595,FOODS_3_805,WI_2,WI,FOODS,0.0,0.0,326.70763694133075,,,7.424053968860595,,,,
2012-02-05,FOODS_2_348_TX_1,0.0,0.0,1.0199163474678012,FOODS_2_348,TX_1,TX,FOODS,0.0,0.0,326.70763694133075,,,1.0199163474678012,,,,
2012-02-05,HOBBIES_2_076_CA_1,0.0,0.0,1.0239484072312466,HOBBIES_2_076,CA_1,CA,HOBBIES,0.0,0.0,326.70763694133075,,,1.0239484072312466,,,,
2012-02-05,FOODS_2_285_TX_1,0.0,0.0,11.95314364397988,FOODS_2_285,TX_1,TX,FOODS,0.0,0.0,326.70763694133075,,,11.95314364397988,,,,
2012-02-05,FOODS_3_765_CA_3,0.0,0.0,4.762210781215902,FOODS_3_765,CA_3,CA,FOODS,0.0,0.0,326.70763694133075,,,4.762210781215902,,,,
2012-02-05,FOODS_3_678_CA_3,0.0,0.0,7.149514192455369,FOODS_3_678,CA_3,CA,FOODS,0.0,0.0,326.70763694133075,,,7.149514192455369,,,,
2012-02-05,FOODS_3_457_CA_3,0.0,0.0,1.0199163474678012,FOODS_3_457,CA_3,CA,FOODS,0.0,0.0,326.70763694133075,,,1.0199163474678012,,,,
2012-02-05,FOODS_3_161_CA_3,0.0,0.0,1.0239484072312466,FOODS_3_161,CA_3,CA,FOODS,0.0,0.0,326.70763694133075,,,1.0239484072312466,,,,
2012-02-05,FOODS_1_183_CA_3,0.0,0.0,11.362504919631524,FOODS_1_183,CA_3,CA,FOODS,0.0,0.0,326.70763694133075,,,11.362504919631524,,,,
2012-02-05,HOUSEHOLD_2_383_CA_3,0.0,0.0,3.813909936888316,HOUSEHOLD_2_383,CA_3,CA,HOUSEHOLD,0.0,0.0,326.70763694133075,,,3.813909936888316,,,,
2012-02-05,HOUSEHOLD_2_234_CA_3,0.0,0.0,1.0239484072312466,HOUSEHOLD_2_234,CA_3,CA,HOUSEHOLD,0.0,0.0,326.70763694133075,,,1.0239484072312466,,,,
2012-02-05,HOBBIES_2_034_CA_3,0.0,0.0,1.0239484072312466,HOBBIES_2_034,CA_3,CA,HOBBIES,0.0,0.0,326.70763694133075,,,1.0239484072312466,,,,
2012-02-05,HOBBIES_1_165_CA_3,0.0,0.0,2.6794645988864745,HOBBIES_1_165,CA_3,CA,HOBBIES,0.0,0.0,326.70763694133075,,,2.6794645988864745,,,,
2012-02-05,FOODS_3_030_CA_2,0.0,0.0,8.616381645605651,FOODS_3_030,CA_2,CA,FOODS,0.0,0.0,326.70763694133075,,,8.616381645605651,,,,
2012-02-05,HOBBIES_1_295_CA_4,0.0,0.0,13.130376221555968,HOBBIES_1_295,CA_4,CA,HOBBIES,0.0,0.0,326.70763694133075,,,13.130376221555968,,,,
2012-02-05,HOUSEHOLD_2_004_CA_2,0.0,0.0,1.454759848888936,HOUSEHOLD_2_004,CA_2,CA,HOUSEHOLD,0.0,0.0,326.70763694133075,,,1.454759848888936,,,,
2012-02-05,HOBBIES_1_178_CA_2,0.0,0.0,5.101866457360237,HOBBIES_1_178,CA_2,CA,HOBBIES,0.0,0.0,326.70763694133075,,,5.101866457360237,,,,
2012-02-05,FOODS_3_096_CA_1,0.0,0.0,2.604533809566122,FOODS_3_096,CA_1,CA,FOODS,0.0,0.0,326.70763694133075,,,2.604533809566122,,,,
2012-02-05,FOODS_2_382_CA_1,0.0,0.0,4.089639288960666,FOODS_2_382,CA_1,CA,FOODS,0.0,0.0,326.70763694133075,,,4.089639288960666,,,,
2012-02-05,FOODS_2_166_CA_1,0.0,0.0,11.964292677126544,FOODS_2_166,CA_1,CA,FOODS,0.0,0.0,326.70763694133075,,,11.964292677126544,,,,
2012-02-05,HOUSEHOLD_2_408_CA_1,0.0,0.0,1.11630160516891,HOUSEHOLD_2_408,CA_1,CA,HOUSEHOLD,0.0,0.0,326.70763694133075,,,1.11630160516891,,,,
2012-02-05,HOUSEHOLD_2_362_CA_1,0.0,0.0,1.3028901084768776,HOUSEHOLD_2_362,CA_1,CA,HOUSEHOLD,0.0,0.0,326.70763694133075,,,1.3028901084768778,,,,
2012-02-05,HOUSEHOLD_1_537_CA_1,0.0,0.0,4.3362090708409005,HOUSEHOLD_1_537,CA_1,CA,HOUSEHOLD,0.0,0.0,326.70763694133075,,,4.3362090708409005,,,,
2012-02-05,FOODS_2_332_TX_1,0.0,0.0,1.0199163474678012,FOODS_2_332,TX_1,TX,FOODS,0.0,0.0,326.70763694133075,,,1.0199163474678012,,,,
2012-02-05,HOBBIES_1_287_CA_1,0.0,0.0,2.7710934274635988,HOBBIES_1_287,CA_1,CA,HOBBIES,0.0,0.0,326.70763694133075,,,2.7710934274635988,,,,
2012-02-05,HOBBIES_1_100_CA_1,0.0,0.0,2.6794645988864745,HOBBIES_1_100,CA_1,CA,HOBBIES,0.0,0.0,326.70763694133075,,,2.6794645988864745,,,,
2012-02-05,HOBBIES_2_116_CA_2,0.0,0.0,1.332648379714075,HOBBIES_2_116,CA_2,CA,HOBBIES,0.0,0.0,326.70763694133075,,,1.332648379714075,,,,
2012-02-05,HOBBIES_2_003_CA_4,0.0,0.0,1.0199163474678012,HOBBIES_2_003,CA_4,CA,HOBBIES,0.0,0.0,326.70763694133075,,,1.0199163474678012,,,,
2012-02-05,HOUSEHOLD_1_468_CA_1,0.0,0.0,2.391670222606096,HOUSEHOLD_1_468,CA_1,CA,HOUSEHOLD,0.0,0.0,326.70763694133075,,,2.391670222606096,,,,
2012-02-05,HOUSEHOLD_2_253_CA_4,0.0,0.0,1.0199163474678012,HOUSEHOLD_2_253,CA_4,CA,HOUSEHOLD,0.0,0.0,326.70763694133075,,,1.0199163474678012,,,,
2012-02-05,HOUSEHOLD_2_062_CA_4,0.0,0.0,2.209342046331932,HOUSEHOLD_2_062,CA_4,CA,HOUSEHOLD,0.0,0.0,326.70763694133075,,,2.209342046331932,,,,
2012-02-05,FOODS_2_184_TX_1,0.0,0.0,11.486155752708656,FOODS_2_184,TX_1,TX,FOODS,0.0,0.0,326.70763694133075,,,11.486155752708656,,,,
2012-02-05,FOODS_1_177_TX_1,0.0,0.0,1.0239484072312466,FOODS_1_177,TX_1,TX,FOODS,0.0,0.0,326.70763694133075,,,1.0239484072312466,,,,
2012-02-05,HOUSEHOLD_2_485_TX_1,0.0,0.0,2.382152043332734,HOUSEHOLD_2_485,TX_1,TX,HOUSEHOLD,0.0,0.0,326.70763694133075,,,2.382152043332734,,,,
2012-02-05,HOUSEHOLD_2_183_TX_1,0.0,0.0,2.0010542650916467,HOUSEHOLD_2_183,TX_1,TX,HOUSEHOLD,0.0,0.0,326.70763694133075,,,2.0010542650916467,,,,
2012-02-05,HOUSEHOLD_1_462_TX_1,0.0,0.0,2.370764626403648,HOUSEHOLD_1_462,TX_1,TX,HOUSEHOLD,0.0,0.0,326.70763694133075,,,2.370764626403648,,,,
2012-02-05,HOUSEHOLD_1_446_TX_1,0.0,0.0,0.9941901359940492,HOUSEHOLD_1_446,TX_1,TX,HOUSEHOLD,0.0,0.0,326.70763694133075,,,0.9941901359940492,,,,
2012-02-05,HOUSEHOLD_1_224_TX_1,0.0,0.0,0.9824280402865972,HOUSEHOLD_1_224,TX_1,TX,HOUSEHOLD,0.0,0.0,326.70763694133075,,,0.9824280402865972,,,,
2012-02-05,HOUSEHOLD_1_028_TX_1,0.0,0.0,7.055920617903385,HOUSEHOLD_1_028,TX_1,TX,HOUSEHOLD,0.0,0.0,326.70763694133075,,,7.055920617903385,,,,
2012-02-05,HOBBIES_2_100_TX_1,0.0,0.0,0.9941901359940492,HOBBIES_2_100,TX_1,TX,HOBBIES,0.0,0.0,326.70763694133075,,,0.9941901359940492,,,,
2012-02-05,HOBBIES_2_020_TX_1,0.0,0.0,0.9941901359940492,HOBBIES_2_020,TX_1,TX,HOBBIES,0.0,0.0,326.70763694133075,,,0.9941901359940492,,,,
2012-02-05,FOODS_2_031_TX_1,0.0,0.0,6.9124738739574445,FOODS_2_031,TX_1,TX,FOODS,0.0,0.0,326.70763694133075,,,6.912473873957444,,,,
2012-02-05,HOBBIES_1_163_TX_1,0.0,0.0,0.9941901359940492,HOBBIES_1_163,TX_1,TX,HOBBIES,0.0,0.0,326.70763694133075,,,0.9941901359940492,,,,
2012-02-05,HOBBIES_1_297_TX_1,0.0,0.0,0.9941901359940492,HOBBIES_1_297,TX_1,TX,HOBBIES,0.0,0.0,326.70763694133075,,,0.9941901359940492,,,,
2012-02-05,FOODS_2_124_CA_4,0.0,0.0,2.619680299437252,FOODS_2_124,CA_4,CA,FOODS,0.0,0.0,326.70763694133075,,,2.619680299437252,,,,
2012-02-05,FOODS_2_126_CA_4,0.0,0.0,4.408841081935311,FOODS_2_126,CA_4,CA,FOODS,0.0,0.0,326.70763694133075,,,4.408841081935311,,,,
2012-02-05,FOODS_2_173_CA_4,0.0,0.0,1.9292361877047373,FOODS_2_173,CA_4,CA,FOODS,0.0,0.0,326.70763694133075,,,1.9292361877047373,,,,
2012-02-05,FOODS_1_079_CA_4,0.0,0.0,1.0199163474678012,FOODS_1_079,CA_4,CA,FOODS,0.0,0.0,326.70763694133075,,,1.0199163474678012,,,,
2012-02-05,FOODS_3_309_CA_4,0.0,0.0,2.4664580359656108,FOODS_3_309,CA_4,CA,FOODS,0.0,0.0,326.70763694133075,,,2.4664580359656108,,,,
2012-02-05,FOODS_3_328_CA_4,0.0,0.0,1.98417994572024,FOODS_3_328,CA_4,CA,FOODS,0.0,0.0,326.70763694133075,,,1.98417994572024,,,,
2012-02-05,FOODS_3_465_CA_4,0.0,0.0,3.723946054607511,FOODS_3_465,CA_4,CA,FOODS,0.0,0.0,326.70763694133075,,,3.723946054607511,,,,
2012-02-05,HOBBIES_1_084_TX_1,0.0,0.0,1.853623803597342,HOBBIES_1_084,TX_1,TX,HOBBIES,0.0,0.0,326.70763694133075,,,1.853623803597342,,,,
2012-02-05,FOODS_3_179_CA_4,0.0,0.0,1.0030037313503712,FOODS_3_179,CA_4,CA,FOODS,0.0,0.0,326.70763694133075,,,1.0030037313503712,,,,
2012-02-14,FOODS_2_368_TX_2,0.0,0.0,0.9941901359940492,FOODS_2_368,TX_2,TX,FOODS,0.0,0.0,237.7689648242567,,,0.994190135994049,,,,
2012-02-14,HOBBIES_1_022_TX_2,0.0,0.0,1.0199163474678012,HOBBIES_1_022,TX_2,TX,HOBBIES,0.0,0.0,237.7689648242567,,,1.0199163474678012,,,,
2012-02-14,FOODS_1_049_TX_2,0.0,0.0,0.9941901359940492,FOODS_1_049,TX_2,TX,FOODS,0.0,0.0,237.7689648242567,,,0.994190135994049,,,,
2012-02-14,HOUSEHOLD_2_424_TX_2,0.0,0.0,1.8026633538129024,HOUSEHOLD_2_424,TX_2,TX,HOUSEHOLD,0.0,0.0,237.7689648242567,,,1.8026633538129024,,,,
2012-02-14,HOUSEHOLD_2_410_TX_2,0.0,0.0,1.8945428277536205,HOUSEHOLD_2_410,TX_2,TX,HOUSEHOLD,0.0,0.0,237.7689648242567,,,1.8945428277536205,,,,
2012-02-14,HOUSEHOLD_2_296_TX_2,0.0,0.0,0.9941901359940492,HOUSEHOLD_2_296,TX_2,TX,HOUSEHOLD,0.0,0.0,237.7689648242567,,,0.994190135994049,,,,
2012-02-14,HOUSEHOLD_1_408_TX_2,0.0,0.0,0.9941901359940492,HOUSEHOLD_1_408,TX_2,TX,HOUSEHOLD,0.0,0.0,237.7689648242567,,,0.994190135994049,,,,
2012-02-14,HOUSEHOLD_1_188_TX_2,0.0,0.0,1.332648379714075,HOUSEHOLD_1_188,TX_2,TX,HOUSEHOLD,0.0,0.0,237.7689648242567,,,1.332648379714075,,,,
2012-02-14,FOODS_2_295_TX_2,0.0,0.0,2.2941771095874253,FOODS_2_295,TX_2,TX,FOODS,0.0,0.0,237.7689648242567,,,2.2941771095874253,,,,
2012-02-14,FOODS_3_118_TX_1,0.0,0.0,11.924756233620444,FOODS_3_118,TX_1,TX,FOODS,0.0,0.0,237.7689648242567,,,11.924756233620444,,,,
2012-02-14,FOODS_3_331_TX_1,0.0,0.0,5.317953969464147,FOODS_3_331,TX_1,TX,FOODS,0.0,0.0,237.7689648242567,,,5.317953969464147,,,,
2012-02-14,FOODS_3_309_TX_1,0.0,0.0,1.140539903080802,FOODS_3_309,TX_1,TX,FOODS,0.0,0.0,237.7689648242567,,,1.140539903080802,,,,
2012-02-14,FOODS_3_165_TX_1,0.0,0.0,2.793083778739676,FOODS_3_165,TX_1,TX,FOODS,0.0,0.0,237.7689648242567,,,2.793083778739676,,,,
2012-02-14,FOODS_2_348_TX_1,0.0,0.0,2.422030630102285,FOODS_2_348,TX_1,TX,FOODS,0.0,0.0,237.7689648242567,,,2.422030630102285,,,,
2012-02-14,FOODS_2_332_TX_1,0.0,0.0,1.4605019002289337,FOODS_2_332,TX_1,TX,FOODS,0.0,0.0,237.7689648242567,,,1.4605019002289337,,,,
2012-02-14,FOODS_2_285_TX_1,0.0,0.0,6.507438758199832,FOODS_2_285,TX_1,TX,FOODS,0.0,0.0,237.7689648242567,,,6.507438758199832,,,,
2012-02-14,FOODS_2_184_TX_1,0.0,0.0,6.206713071261668,FOODS_2_184,TX_1,TX,FOODS,0.0,0.0,237.7689648242567,,,6.206713071261668,,,,
2012-02-14,FOODS_3_692_WI_3,0.0,0.0,7.39776202065376,FOODS_3_692,WI_3,WI,FOODS,0.0,0.0,237.7689648242567,,,7.39776202065376,,,,
2012-02-14,FOODS_2_031_TX_1,0.0,0.0,2.554346009685306,FOODS_2_031,TX_1,TX,FOODS,0.0,0.0,237.7689648242567,,,2.554346009685306,,,,
2012-02-14,FOODS_3_645_TX_1,0.0,0.0,2.388800527236938,FOODS_3_645,TX_1,TX,FOODS,0.0,0.0,237.7689648242567,,,2.388800527236938,,,,
2012-02-14,FOODS_3_123_TX_2,0.0,0.0,1.3028901084768776,FOODS_3_123,TX_2,TX,FOODS,0.0,0.0,237.7689648242567,,,1.3028901084768776,,,,
2012-02-14,HOBBIES_1_343_WI_3,0.0,0.0,4.085607229197223,HOBBIES_1_343,WI_3,WI,HOBBIES,0.0,0.0,237.7689648242567,,,4.085607229197223,,,,
2012-02-14,FOODS_3_149_TX_3,0.0,0.0,4.198499628585362,FOODS_3_149,TX_3,TX,FOODS,0.0,0.0,237.7689648242567,,,4.198499628585362,,,,
2012-02-14,FOODS_1_177_TX_1,0.0,0.0,2.157858011451568,FOODS_1_177,TX_1,TX,FOODS,0.0,0.0,237.7689648242567,,,2.157858011451568,,,,
2012-02-14,FOODS_3_397_WI_3,0.0,0.0,1.32861631995063,FOODS_3_397,WI_3,WI,FOODS,0.0,0.0,237.7689648242567,,,1.32861631995063,,,,
2012-02-14,FOODS_3_023_WI_3,0.0,0.0,1.32861631995063,FOODS_3_023,WI_3,WI,FOODS,0.0,0.0,237.7689648242567,,,1.32861631995063,,,,
2012-02-14,FOODS_2_317_WI_3,0.0,0.0,1.0199163474678012,FOODS_2_317,WI_3,WI,FOODS,0.0,0.0,237.7689648242567,,,1.0199163474678012,,,,
2012-02-14,FOODS_2_212_WI_3,0.0,0.0,2.8065078540905506,FOODS_2_212,WI_3,WI,FOODS,0.0,0.0,237.7689648242567,,,2.8065078540905506,,,,
2012-02-14,FOODS_2_127_WI_3,0.0,0.0,1.2959271503992686,FOODS_2_127,WI_3,WI,FOODS,0.0,0.0,237.7689648242567,,,1.2959271503992686,,,,
2012-02-14,HOUSEHOLD_2_287_WI_3,0.0,0.0,1.0199163474678012,HOUSEHOLD_2_287,WI_3,WI,HOUSEHOLD,0.0,0.0,237.7689648242567,,,1.0199163474678012,,,,
2012-02-14,HOUSEHOLD_2_211_WI_3,0.0,0.0,1.0199163474678012,HOUSEHOLD_2_211,WI_3,WI,HOUSEHOLD,0.0,0.0,237.7689648242567,,,1.0199163474678012,,,,
2012-02-14,HOUSEHOLD_2_209_WI_3,0.0,0.0,2.2030283096160743,HOUSEHOLD_2_209,WI_3,WI,HOUSEHOLD,0.0,0.0,237.7689648242567,,,2.2030283096160743,,,,
2012-02-14,HOBBIES_2_011_WI_3,0.0,0.0,1.1420278166426618,HOBBIES_2_011,WI_3,WI,HOBBIES,0.0,0.0,237.7689648242567,,,1.1420278166426618,,,,
2012-02-14,HOBBIES_1_337_WI_3,0.0,0.0,3.9850178411261017,HOBBIES_1_337,WI_3,WI,HOBBIES,0.0,0.0,237.7689648242567,,,3.985017841126102,,,,
2012-02-14,FOODS_3_805_WI_2,0.0,0.0,4.953017423459195,FOODS_3_805,WI_2,WI,FOODS,0.0,0.0,237.7689648242567,,,4.953017423459195,,,,
2012-02-14,FOODS_3_356_WI_2,0.0,0.0,2.1664852879696874,FOODS_3_356,WI_2,WI,FOODS,0.0,0.0,237.7689648242567,,,2.1664852879696874,,,,
2012-02-14,FOODS_2_042_WI_2,0.0,0.0,0.991241635642919,FOODS_2_042,WI_2,WI,FOODS,0.0,0.0,237.7689648242567,,,0.991241635642919,,,,
2012-02-14,HOUSEHOLD_2_292_WI_2,0.0,0.0,0.9941901359940492,HOUSEHOLD_2_292,WI_2,WI,HOUSEHOLD,0.0,0.0,237.7689648242567,,,0.994190135994049,,,,
2012-02-14,HOUSEHOLD_1_255_WI_2,0.0,0.0,0.9941901359940492,HOUSEHOLD_1_255,WI_2,WI,HOUSEHOLD,0.0,0.0,237.7689648242567,,,0.994190135994049,,,,
2012-02-14,HOBBIES_2_062_WI_2,0.0,0.0,0.9941901359940492,HOBBIES_2_062,WI_2,WI,HOBBIES,0.0,0.0,237.7689648242567,,,0.994190135994049,,,,
2012-02-14,HOBBIES_1_315_WI_1,0.0,0.0,1.0184284339059413,HOBBIES_1_315,WI_1,WI,HOBBIES,0.0,0.0,237.7689648242567,,,1.0184284339059413,,,,
2012-02-14,FOODS_3_295_TX_3,0.0,0.0,7.780458033672403,FOODS_3_295,TX_3,TX,FOODS,0.0,0.0,237.7689648242567,,,7.780458033672403,,,,
2012-02-14,FOODS_3_045_TX_3,0.0,0.0,1.454759848888936,FOODS_3_045,TX_3,TX,FOODS,0.0,0.0,237.7689648242567,,,1.454759848888936,,,,
2012-02-14,HOUSEHOLD_2_485_TX_1,0.0,0.0,1.0239484072312466,HOUSEHOLD_2_485,TX_1,TX,HOUSEHOLD,0.0,0.0,237.7689648242567,,,1.0239484072312466,,,,
2012-02-14,FOODS_3_062_TX_2,0.0,0.0,0.9941901359940492,FOODS_3_062,TX_2,TX,FOODS,0.0,0.0,237.7689648242567,,,0.994190135994049,,,,
2012-02-14,HOUSEHOLD_1_462_TX_1,0.0,0.0,2.574510001272745,HOUSEHOLD_1_462,TX_1,TX,HOUSEHOLD,0.0,0.0,237.7689648242567,,,2.574510001272745,,,,
2012-02-14,FOODS_1_183_CA_3,0.0,0.0,8.652704008033998,FOODS_1_183,CA_3,CA,FOODS,0.0,0.0,237.7689648242567,,,8.652704008033998,,,,
2012-02-14,HOUSEHOLD_2_383_CA_3,0.0,0.0,1.1460598764061072,HOUSEHOLD_2_383,CA_3,CA,HOUSEHOLD,0.0,0.0,237.7689648242567,,,1.1460598764061072,,,,
2012-02-14,HOUSEHOLD_2_234_CA_3,0.0,0.0,1.0239484072312466,HOUSEHOLD_2_234,CA_3,CA,HOUSEHOLD,0.0,0.0,237.7689648242567,,,1.0239484072312466,,,,
2012-02-14,HOBBIES_2_034_CA_3,0.0,0.0,1.0239484072312466,HOBBIES_2_034,CA_3,CA,HOBBIES,0.0,0.0,237.7689648242567,,,1.0239484072312466,,,,
2012-02-14,HOBBIES_1_165_CA_3,0.0,0.0,1.454759848888936,HOBBIES_1_165,CA_3,CA,HOBBIES,0.0,0.0,237.7689648242567,,,1.454759848888936,,,,
2012-02-14,FOODS_3_030_CA_2,0.0,0.0,8.602454522502716,FOODS_3_030,CA_2,CA,FOODS,0.0,0.0,237.7689648242567,,,8.602454522502716,,,,
2012-02-14,HOUSEHOLD_2_004_CA_2,0.0,0.0,2.4700881711540075,HOUSEHOLD_2_004,CA_2,CA,HOUSEHOLD,0.0,0.0,237.7689648242567,,,2.4700881711540075,,,,
2012-02-14,HOBBIES_2_116_CA_2,0.0,0.0,1.9913149786293107,HOBBIES_2_116,CA_2,CA,HOBBIES,0.0,0.0,237.7689648242567,,,1.9913149786293107,,,,
2012-02-14,HOBBIES_1_178_CA_2,0.0,0.0,7.299590355233293,HOBBIES_1_178,CA_2,CA,HOBBIES,0.0,0.0,237.7689648242567,,,7.299590355233293,,,,
2012-02-14,FOODS_3_096_CA_1,0.0,0.0,6.05309913613831,FOODS_3_096,CA_1,CA,FOODS,0.0,0.0,237.7689648242567,,,6.05309913613831,,,,
2012-02-14,FOODS_2_382_CA_1,0.0,0.0,2.64229815571828,FOODS_2_382,CA_1,CA,FOODS,0.0,0.0,237.7689648242567,,,2.64229815571828,,,,
2012-02-14,FOODS_2_166_CA_1,0.0,0.0,7.657351285278472,FOODS_2_166,CA_1,CA,FOODS,0.0,0.0,237.7689648242567,,,7.657351285278472,,,,
2012-02-14,HOUSEHOLD_2_408_CA_1,0.0,0.0,1.332648379714075,HOUSEHOLD_2_408,CA_1,CA,HOUSEHOLD,0.0,0.0,237.7689648242567,,,1.332648379714075,,,,
2012-02-14,HOUSEHOLD_2_362_CA_1,0.0,0.0,1.0239484072312466,HOUSEHOLD_2_362,CA_1,CA,HOUSEHOLD,0.0,0.0,237.7689648242567,,,1.0239484072312466,,,,
2012-02-14,HOUSEHOLD_1_537_CA_1,0.0,0.0,2.864679921951668,HOUSEHOLD_1_537,CA_1,CA,HOUSEHOLD,0.0,0.0,237.7689648242567,,,2.864679921951668,,,,
2012-02-14,HOUSEHOLD_1_468_CA_1,0.0,0.0,3.999197853635279,HOUSEHOLD_1_468,CA_1,CA,HOUSEHOLD,0.0,0.0,237.7689648242567,,,3.999197853635279,,,,
2012-02-14,HOBBIES_2_076_CA_1,0.0,0.0,1.332648379714075,HOBBIES_2_076,CA_1,CA,HOBBIES,0.0,0.0,237.7689648242567,,,1.332648379714075,,,,
2012-02-14,HOBBIES_1_287_CA_1,0.0,0.0,1.1460598764061072,HOBBIES_1_287,CA_1,CA,HOBBIES,0.0,0.0,237.7689648242567,,,1.1460598764061072,,,,
2012-02-14,HOBBIES_1_100_CA_1,0.0,0.0,1.332648379714075,HOBBIES_1_100,CA_1,CA,HOBBIES,0.0,0.0,237.7689648242567,,,1.332648379714075,,,,
2012-02-14,FOODS_3_161_CA_3,0.0,0.0,1.0199163474678012,FOODS_3_161,CA_3,CA,FOODS,0.0,0.0,237.7689648242567,,,1.0199163474678012,,,,
2012-02-14,FOODS_3_457_CA_3,0.0,0.0,3.353195677439419,FOODS_3_457,CA_3,CA,FOODS,0.0,0.0,237.7689648242567,,,3.353195677439419,,,,
2012-02-14,HOUSEHOLD_2_183_TX_1,0.0,0.0,1.0239484072312466,HOUSEHOLD_2_183,TX_1,TX,HOUSEHOLD,0.0,0.0,237.7689648242567,,,1.0239484072312466,,,,
2012-02-14,FOODS_3_765_CA_3,0.0,0.0,6.390233326028632,FOODS_3_765,CA_3,CA,FOODS,0.0,0.0,237.7689648242567,,,6.390233326028632,,,,
2012-02-14,FOODS_3_678_CA_3,0.0,0.0,4.830253503126773,FOODS_3_678,CA_3,CA,FOODS,0.0,0.0,237.7689648242567,,,4.830253503126773,,,,
2012-02-14,HOUSEHOLD_1_446_TX_1,0.0,0.0,1.332648379714075,HOUSEHOLD_1_446,TX_1,TX,HOUSEHOLD,0.0,0.0,237.7689648242567,,,1.332648379714075,,,,
2012-02-14,HOUSEHOLD_1_224_TX_1,0.0,0.0,1.0239484072312466,HOUSEHOLD_1_224,TX_1,TX,HOUSEHOLD,0.0,0.0,237.7689648242567,,,1.0239484072312466,,,,
2012-02-14,HOUSEHOLD_1_028_TX_1,0.0,0.0,4.954079659721651,HOUSEHOLD_1_028,TX_1,TX,HOUSEHOLD,0.0,0.0,237.7689648242567,,,4.954079659721651,,,,
2012-02-14,HOBBIES_2_100_TX_1,0.0,0.0,0.9941901359940492,HOBBIES_2_100,TX_1,TX,HOBBIES,0.0,0.0,237.7689648242567,,,0.994190135994049,,,,
2012-02-14,HOBBIES_2_020_TX_1,0.0,0.0,0.9941901359940492,HOBBIES_2_020,TX_1,TX,HOBBIES,0.0,0.0,237.7689648242567,,,0.994190135994049,,,,
2012-02-14,HOBBIES_1_163_TX_1,0.0,0.0,0.9941901359940492,HOBBIES_1_163,TX_1,TX,HOBBIES,0.0,0.0,237.7689648242567,,,0.994190135994049,,,,
2012-02-14,HOBBIES_1_084_TX_1,0.0,0.0,0.9941901359940492,HOBBIES_1_084,TX_1,TX,HOBBIES,0.0,0.0,237.7689648242567,,,0.994190135994049,,,,
2012-02-14,FOODS_3_465_CA_4,0.0,0.0,2.908703716881293,FOODS_3_465,CA_4,CA,FOODS,0.0,0.0,237.7689648242567,,,2.908703716881293,,,,
2012-02-14,FOODS_3_328_CA_4,0.0,0.0,2.4987950221317186,FOODS_3_328,CA_4,CA,FOODS,0.0,0.0,237.7689648242567,,,2.4987950221317186,,,,
2012-02-14,HOBBIES_1_297_TX_1,0.0,0.0,1.3028901084768776,HOBBIES_1_297,TX_1,TX,HOBBIES,0.0,0.0,237.7689648242567,,,1.3028901084768776,,,,
2012-02-14,FOODS_3_179_CA_4,0.0,0.0,1.9854771371046,FOODS_3_179,CA_4,CA,FOODS,0.0,0.0,237.7689648242567,,,1.9854771371046,,,,
2012-02-14,FOODS_2_173_CA_4,0.0,0.0,1.3028901084768776,FOODS_2_173,CA_4,CA,FOODS,0.0,0.0,237.7689648242567,,,1.3028901084768776,,,,
2012-02-14,FOODS_2_126_CA_4,0.0,0.0,2.2385742889389406,FOODS_2_126,CA_4,CA,FOODS,0.0,0.0,237.7689648242567,,,2.2385742889389406,,,,
2012-02-14,HOBBIES_1_295_CA_4,0.0,0.0,8.569589588312303,HOBBIES_1_295,CA_4,CA,HOBBIES,0.0,0.0,237.7689648242567,,,8.569589588312303,,,,
2012-02-14,FOODS_2_124_CA_4,0.0,0.0,1.0199163474678012,FOODS_2_124,CA_4,CA,FOODS,0.0,0.0,237.7689648242567,,,1.0199163474678012,,,,
2012-02-14,FOODS_1_079_CA_4,0.0,0.0,1.0199163474678012,FOODS_1_079,CA_4,CA,FOODS,0.0,0.0,237.7689648242567,,,1.0199163474678012,,,,
2012-02-14,HOUSEHOLD_2_253_CA_4,0.0,0.0,1.0199163474678012,HOUSEHOLD_2_253,CA_4,CA,HOUSEHOLD,0.0,0.0,237.7689648242567,,,1.0199163474678012,,,,
2012-02-14,HOUSEHOLD_2_062_CA_4,0.0,0.0,1.0199163474678012,HOUSEHOLD_2_062,CA_4,CA,HOUSEHOLD,0.0,0.0,237.7689648242567,,,1.0199163474678012,,,,
2012-02-14,HOBBIES_2_003_CA_4,0.0,0.0,2.794571692301536,HOBBIES_2_003,CA_4,CA,HOBBIES,0.0,0.0,237.7689648242567,,,2.794571692301536,,,,
2012-02-14,FOODS_3_309_CA_4,0.0,0.0,1.8647845565164232,FOODS_3_309,CA_4,CA,FOODS,0.0,0.0,237.7689648242567,,,1.864784556516423,,,,
2012-02-20,FOODS_1_005_TX_3,0.0,0.0,4.837490830961083,FOODS_1_005,TX_3,TX,FOODS,0.0,0.0,201.8415186223624,,,4.837490830961083,,,,
2012-02-20,FOODS_2_311_TX_3,0.0,0.0,3.425130075632055,FOODS_2_311,TX_3,TX,FOODS,0.0,0.0,201.8415186223624,,,3.425130075632055,,,,
2012-02-20,FOODS_3_045_TX_3,0.0,0.0,1.332648379714075,FOODS_3_045,TX_3,TX,FOODS,0.0,0.0,201.8415186223624,,,1.332648379714075,,,,
2012-02-20,HOUSEHOLD_1_170_WI_1,0.0,0.0,1.0239484072312466,HOUSEHOLD_1_170,WI_1,WI,HOUSEHOLD,0.0,0.0,201.8415186223624,,,1.0239484072312466,,,,
2012-02-20,FOODS_3_295_TX_3,0.0,0.0,9.44899881918631,FOODS_3_295,TX_3,TX,FOODS,0.0,0.0,201.8415186223624,,,9.44899881918631,,,,
2012-02-20,HOBBIES_1_315_WI_1,0.0,0.0,1.1460598764061072,HOBBIES_1_315,WI_1,WI,HOBBIES,0.0,0.0,201.8415186223624,,,1.1460598764061072,,,,
2012-02-20,HOUSEHOLD_2_407_TX_3,0.0,0.0,0.9941901359940492,HOUSEHOLD_2_407,TX_3,TX,HOUSEHOLD,0.0,0.0,201.8415186223624,,,0.994190135994049,,,,
2012-02-20,FOODS_3_149_TX_3,0.0,0.0,1.332648379714075,FOODS_3_149,TX_3,TX,FOODS,0.0,0.0,201.8415186223624,,,1.332648379714075,,,,
2012-02-20,HOUSEHOLD_1_395_TX_3,0.0,0.0,1.3028901084768776,HOUSEHOLD_1_395,TX_3,TX,HOUSEHOLD,0.0,0.0,201.8415186223624,,,1.3028901084768776,,,,
2012-02-20,HOUSEHOLD_2_296_TX_2,0.0,0.0,0.9824280402865972,HOUSEHOLD_2_296,TX_2,TX,HOUSEHOLD,0.0,0.0,201.8415186223624,,,0.9824280402865974,,,,
2012-02-20,HOBBIES_1_409_TX_3,0.0,0.0,2.119006965965666,HOBBIES_1_409,TX_3,TX,HOBBIES,0.0,0.0,201.8415186223624,,,2.119006965965666,,,,
2012-02-20,HOBBIES_1_391_TX_3,0.0,0.0,0.9941901359940492,HOBBIES_1_391,TX_3,TX,HOBBIES,0.0,0.0,201.8415186223624,,,0.994190135994049,,,,
2012-02-20,FOODS_3_123_TX_2,0.0,0.0,1.8647845565164232,FOODS_3_123,TX_2,TX,FOODS,0.0,0.0,201.8415186223624,,,1.8647845565164232,,,,
2012-02-20,FOODS_3_062_TX_2,0.0,0.0,1.9854771371046,FOODS_3_062,TX_2,TX,FOODS,0.0,0.0,201.8415186223624,,,1.9854771371045996,,,,
2012-02-20,FOODS_2_368_TX_2,0.0,0.0,0.9941901359940492,FOODS_2_368,TX_2,TX,FOODS,0.0,0.0,201.8415186223624,,,0.994190135994049,,,,
2012-02-20,FOODS_2_295_TX_2,0.0,0.0,2.346505713164549,FOODS_2_295,TX_2,TX,FOODS,0.0,0.0,201.8415186223624,,,2.346505713164549,,,,
2012-02-20,FOODS_1_049_TX_2,0.0,0.0,1.11335310481778,FOODS_1_049,TX_2,TX,FOODS,0.0,0.0,201.8415186223624,,,1.11335310481778,,,,
2012-02-20,HOUSEHOLD_2_424_TX_2,0.0,0.0,0.991241635642919,HOUSEHOLD_2_424,TX_2,TX,HOUSEHOLD,0.0,0.0,201.8415186223624,,,0.9912416356429188,,,,
2012-02-20,HOUSEHOLD_1_272_WI_1,0.0,0.0,2.0185287547265847,HOUSEHOLD_1_272,WI_1,WI,HOUSEHOLD,0.0,0.0,201.8415186223624,,,2.0185287547265847,,,,
2012-02-20,HOUSEHOLD_1_021_TX_3,0.0,0.0,1.8710982932322804,HOUSEHOLD_1_021,TX_3,TX,HOUSEHOLD,0.0,0.0,201.8415186223624,,,1.8710982932322804,,,,
2012-02-20,FOODS_1_176_WI_1,0.0,0.0,2.5938124778437417,FOODS_1_176,WI_1,WI,FOODS,0.0,0.0,201.8415186223624,,,2.5938124778437417,,,,
2012-02-20,HOBBIES_1_337_WI_3,0.0,0.0,0.9941901359940492,HOBBIES_1_337,WI_3,WI,HOBBIES,0.0,0.0,201.8415186223624,,,0.994190135994049,,,,
2012-02-20,FOODS_3_134_WI_1,0.0,0.0,1.0239484072312466,FOODS_3_134,WI_1,WI,FOODS,0.0,0.0,201.8415186223624,,,1.0239484072312466,,,,
2012-02-20,HOUSEHOLD_1_408_TX_2,0.0,0.0,0.9824280402865972,HOUSEHOLD_1_408,TX_2,TX,HOUSEHOLD,0.0,0.0,201.8415186223624,,,0.9824280402865974,,,,
2012-02-20,FOODS_3_692_WI_3,0.0,0.0,6.5927428505694445,FOODS_3_692,WI_3,WI,FOODS,0.0,0.0,201.8415186223624,,,6.5927428505694445,,,,
2012-02-20,FOODS_3_397_WI_3,0.0,0.0,0.9941901359940492,FOODS_3_397,WI_3,WI,FOODS,0.0,0.0,201.8415186223624,,,0.994190135994049,,,,
2012-02-20,FOODS_3_023_WI_3,0.0,0.0,3.099823641525333,FOODS_3_023,WI_3,WI,FOODS,0.0,0.0,201.8415186223624,,,3.099823641525333,,,,
2012-02-20,FOODS_2_317_WI_3,0.0,0.0,1.8647845565164232,FOODS_2_317,WI_3,WI,FOODS,0.0,0.0,201.8415186223624,,,1.8647845565164232,,,,
2012-02-20,FOODS_2_212_WI_3,0.0,0.0,6.4016229259254045,FOODS_2_212,WI_3,WI,FOODS,0.0,0.0,201.8415186223624,,,6.401622925925405,,,,
2012-02-20,FOODS_2_127_WI_3,0.0,0.0,1.2959271503992686,FOODS_2_127,WI_3,WI,FOODS,0.0,0.0,201.8415186223624,,,1.2959271503992686,,,,
2012-02-20,HOUSEHOLD_2_287_WI_3,0.0,0.0,0.9941901359940492,HOUSEHOLD_2_287,WI_3,WI,HOUSEHOLD,0.0,0.0,201.8415186223624,,,0.994190135994049,,,,
2012-02-20,HOUSEHOLD_2_211_WI_3,0.0,0.0,0.9941901359940492,HOUSEHOLD_2_211,WI_3,WI,HOUSEHOLD,0.0,0.0,201.8415186223624,,,0.994190135994049,,,,
2012-02-20,FOODS_2_052_WI_1,0.0,0.0,1.887972612603687,FOODS_2_052,WI_1,WI,FOODS,0.0,0.0,201.8415186223624,,,1.8879726126036875,,,,
2012-02-20,HOUSEHOLD_2_209_WI_3,0.0,0.0,1.8710982932322804,HOUSEHOLD_2_209,WI_3,WI,HOUSEHOLD,0.0,0.0,201.8415186223624,,,1.8710982932322804,,,,
2012-02-20,HOBBIES_1_343_WI_3,0.0,0.0,2.088569735351071,HOBBIES_1_343,WI_3,WI,HOBBIES,0.0,0.0,201.8415186223624,,,2.088569735351071,,,,
2012-02-20,FOODS_3_805_WI_2,0.0,0.0,3.0820236094008773,FOODS_3_805,WI_2,WI,FOODS,0.0,0.0,201.8415186223624,,,3.0820236094008773,,,,
2012-02-20,FOODS_3_356_WI_2,0.0,0.0,2.1241239469311606,FOODS_3_356,WI_2,WI,FOODS,0.0,0.0,201.8415186223624,,,2.1241239469311606,,,,
2012-02-20,FOODS_2_042_WI_2,0.0,0.0,0.9941901359940492,FOODS_2_042,WI_2,WI,FOODS,0.0,0.0,201.8415186223624,,,0.994190135994049,,,,
2012-02-20,HOUSEHOLD_2_292_WI_2,0.0,0.0,0.9941901359940492,HOUSEHOLD_2_292,WI_2,WI,HOUSEHOLD,0.0,0.0,201.8415186223624,,,0.994190135994049,,,,
2012-02-20,HOUSEHOLD_1_255_WI_2,0.0,0.0,0.9941901359940492,HOUSEHOLD_1_255,WI_2,WI,HOUSEHOLD,0.0,0.0,201.8415186223624,,,0.994190135994049,,,,
2012-02-20,HOBBIES_2_062_WI_2,0.0,0.0,0.9941901359940492,HOBBIES_2_062,WI_2,WI,HOBBIES,0.0,0.0,201.8415186223624,,,0.994190135994049,,,,
2012-02-20,HOBBIES_1_108_WI_2,0.0,0.0,0.9941901359940492,HOBBIES_1_108,WI_2,WI,HOBBIES,0.0,0.0,201.8415186223624,,,0.994190135994049,,,,
2012-02-20,FOODS_3_584_WI_1,0.0,0.0,3.902841313473379,FOODS_3_584,WI_1,WI,FOODS,0.0,0.0,201.8415186223624,,,3.902841313473379,,,,
2012-02-20,HOBBIES_2_011_WI_3,0.0,0.0,0.9941901359940492,HOBBIES_2_011,WI_3,WI,HOBBIES,0.0,0.0,201.8415186223624,,,0.994190135994049,,,,
2012-02-20,HOUSEHOLD_1_188_TX_2,0.0,0.0,4.405025189212535,HOUSEHOLD_1_188,TX_2,TX,HOUSEHOLD,0.0,0.0,201.8415186223624,,,4.405025189212535,,,,
2012-02-20,HOUSEHOLD_2_410_TX_2,0.0,0.0,1.7909012581054509,HOUSEHOLD_2_410,TX_2,TX,HOUSEHOLD,0.0,0.0,201.8415186223624,,,1.7909012581054509,,,,
2012-02-20,FOODS_3_645_TX_1,0.0,0.0,2.2941771095874253,FOODS_3_645,TX_1,TX,FOODS,0.0,0.0,201.8415186223624,,,2.2941771095874253,,,,
2012-02-20,HOUSEHOLD_2_062_CA_4,0.0,0.0,2.212848077465188,HOUSEHOLD_2_062,CA_4,CA,HOUSEHOLD,0.0,0.0,201.8415186223624,,,2.212848077465188,,,,
2012-02-20,HOBBIES_2_003_CA_4,0.0,0.0,0.9941901359940492,HOBBIES_2_003,CA_4,CA,HOBBIES,0.0,0.0,201.8415186223624,,,0.994190135994049,,,,
2012-02-20,HOBBIES_1_295_CA_4,0.0,0.0,3.077957129973396,HOBBIES_1_295,CA_4,CA,HOBBIES,0.0,0.0,201.8415186223624,,,3.077957129973396,,,,
2012-02-20,FOODS_3_765_CA_3,0.0,0.0,3.0506574145623344,FOODS_3_765,CA_3,CA,FOODS,0.0,0.0,201.8415186223624,,,3.0506574145623344,,,,
2012-02-20,FOODS_3_678_CA_3,0.0,0.0,2.212848077465188,FOODS_3_678,CA_3,CA,FOODS,0.0,0.0,201.8415186223624,,,2.212848077465188,,,,
2012-02-20,FOODS_3_457_CA_3,0.0,0.0,1.104539509461458,FOODS_3_457,CA_3,CA,FOODS,0.0,0.0,201.8415186223624,,,1.104539509461458,,,,
2012-02-20,FOODS_3_161_CA_3,0.0,0.0,2.119006965965666,FOODS_3_161,CA_3,CA,FOODS,0.0,0.0,201.8415186223624,,,2.119006965965666,,,,
2012-02-20,FOODS_1_183_CA_3,0.0,0.0,6.199780004527995,FOODS_1_183,CA_3,CA,FOODS,0.0,0.0,201.8415186223624,,,6.199780004527995,,,,
2012-02-20,HOUSEHOLD_2_383_CA_3,0.0,0.0,2.115524838185248,HOUSEHOLD_2_383,CA_3,CA,HOUSEHOLD,0.0,0.0,201.8415186223624,,,2.115524838185248,,,,
2012-02-20,HOUSEHOLD_2_253_CA_4,0.0,0.0,0.9941901359940492,HOUSEHOLD_2_253,CA_4,CA,HOUSEHOLD,0.0,0.0,201.8415186223624,,,0.994190135994049,,,,
2012-02-20,FOODS_3_096_CA_1,0.0,0.0,2.119006965965666,FOODS_3_096,CA_1,CA,FOODS,0.0,0.0,201.8415186223624,,,2.119006965965666,,,,
2012-02-20,FOODS_2_166_CA_1,0.0,0.0,2.546263099958946,FOODS_2_166,CA_1,CA,FOODS,0.0,0.0,201.8415186223624,,,2.546263099958946,,,,
2012-02-20,HOUSEHOLD_2_408_CA_1,0.0,0.0,1.9332194959358004,HOUSEHOLD_2_408,CA_1,CA,HOUSEHOLD,0.0,0.0,201.8415186223624,,,1.9332194959358004,,,,
2012-02-20,HOUSEHOLD_2_362_CA_1,0.0,0.0,0.9941901359940492,HOUSEHOLD_2_362,CA_1,CA,HOUSEHOLD,0.0,0.0,201.8415186223624,,,0.994190135994049,,,,
2012-02-20,HOUSEHOLD_1_537_CA_1,0.0,0.0,1.454759848888936,HOUSEHOLD_1_537,CA_1,CA,HOUSEHOLD,0.0,0.0,201.8415186223624,,,1.454759848888936,,,,
2012-02-20,HOUSEHOLD_1_468_CA_1,0.0,0.0,1.0239484072312466,HOUSEHOLD_1_468,CA_1,CA,HOUSEHOLD,0.0,0.0,201.8415186223624,,,1.0239484072312466,,,,
2012-02-20,HOBBIES_2_076_CA_1,0.0,0.0,1.927439080762124,HOBBIES_2_076,CA_1,CA,HOBBIES,0.0,0.0,201.8415186223624,,,1.927439080762124,,,,
2012-02-20,HOBBIES_1_287_CA_1,0.0,0.0,3.4278945411974138,HOBBIES_1_287,CA_1,CA,HOBBIES,0.0,0.0,201.8415186223624,,,3.427894541197414,,,,
2012-02-20,HOBBIES_1_100_CA_1,0.0,0.0,2.856692895005056,HOBBIES_1_100,CA_1,CA,HOBBIES,0.0,0.0,201.8415186223624,,,2.856692895005056,,,,
2012-02-20,HOBBIES_1_022_TX_2,0.0,0.0,2.331191593548295,HOBBIES_1_022,TX_2,TX,HOBBIES,0.0,0.0,201.8415186223624,,,2.331191593548295,,,,
2012-02-20,FOODS_2_382_CA_1,0.0,0.0,4.192161602252507,FOODS_2_382,CA_1,CA,FOODS,0.0,0.0,201.8415186223624,,,4.192161602252507,,,,
2012-02-20,FOODS_1_079_CA_4,0.0,0.0,0.9941901359940492,FOODS_1_079,CA_4,CA,FOODS,0.0,0.0,201.8415186223624,,,0.994190135994049,,,,
2012-02-20,HOUSEHOLD_2_234_CA_3,0.0,0.0,0.991241635642919,HOUSEHOLD_2_234,CA_3,CA,HOUSEHOLD,0.0,0.0,201.8415186223624,,,0.9912416356429188,,,,
2012-02-20,FOODS_2_126_CA_4,0.0,0.0,1.4250015776517386,FOODS_2_126,CA_4,CA,FOODS,0.0,0.0,201.8415186223624,,,1.4250015776517386,,,,
2012-02-20,FOODS_3_331_TX_1,0.0,0.0,5.324262757925584,FOODS_3_331,TX_1,TX,FOODS,0.0,0.0,201.8415186223624,,,5.324262757925584,,,,
2012-02-20,FOODS_2_124_CA_4,0.0,0.0,5.665446214625988,FOODS_2_124,CA_4,CA,FOODS,0.0,0.0,201.8415186223624,,,5.665446214625988,,,,
2012-02-20,FOODS_3_309_TX_1,0.0,0.0,1.0239484072312466,FOODS_3_309,TX_1,TX,FOODS,0.0,0.0,201.8415186223624,,,1.0239484072312466,,,,
2012-02-20,FOODS_3_165_TX_1,0.0,0.0,1.332648379714075,FOODS_3_165,TX_1,TX,FOODS,0.0,0.0,201.8415186223624,,,1.332648379714075,,,,
2012-02-20,FOODS_3_118_TX_1,0.0,0.0,8.361487545542184,FOODS_3_118,TX_1,TX,FOODS,0.0,0.0,201.8415186223624,,,8.361487545542184,,,,
2012-02-20,FOODS_2_348_TX_1,0.0,0.0,2.148765237202863,FOODS_2_348,TX_1,TX,FOODS,0.0,0.0,201.8415186223624,,,2.148765237202863,,,,
2012-02-20,HOUSEHOLD_1_462_TX_1,0.0,0.0,4.59492650611005,HOUSEHOLD_1_462,TX_1,TX,HOUSEHOLD,0.0,0.0,201.8415186223624,,,4.59492650611005,,,,
2012-02-20,HOUSEHOLD_1_446_TX_1,0.0,0.0,1.11335310481778,HOUSEHOLD_1_446,TX_1,TX,HOUSEHOLD,0.0,0.0,201.8415186223624,,,1.11335310481778,,,,
2012-02-20,HOUSEHOLD_1_224_TX_1,0.0,0.0,0.991241635642919,HOUSEHOLD_1_224,TX_1,TX,HOUSEHOLD,0.0,0.0,201.8415186223624,,,0.9912416356429188,,,,
2012-02-20,HOUSEHOLD_1_028_TX_1,0.0,0.0,3.1265008320952483,HOUSEHOLD_1_028,TX_1,TX,HOUSEHOLD,0.0,0.0,201.8415186223624,,,3.1265008320952483,,,,
2012-02-20,FOODS_2_332_TX_1,0.0,0.0,2.242606348702385,FOODS_2_332,TX_1,TX,FOODS,0.0,0.0,201.8415186223624,,,2.242606348702385,,,,
2012-02-20,HOBBIES_2_100_TX_1,0.0,0.0,1.8026633538129024,HOBBIES_2_100,TX_1,TX,HOBBIES,0.0,0.0,201.8415186223624,,,1.8026633538129024,,,,
2012-02-20,HOBBIES_2_020_TX_1,0.0,0.0,0.9941901359940492,HOBBIES_2_020,TX_1,TX,HOBBIES,0.0,0.0,201.8415186223624,,,0.994190135994049,,,,
2012-02-20,HOBBIES_1_297_TX_1,0.0,0.0,1.3028901084768776,HOBBIES_1_297,TX_1,TX,HOBBIES,0.0,0.0,201.8415186223624,,,1.3028901084768776,,,,
2012-02-20,HOBBIES_1_163_TX_1,0.0,0.0,1.8026633538129024,HOBBIES_1_163,TX_1,TX,HOBBIES,0.0,0.0,201.8415186223624,,,1.8026633538129024,,,,
2012-02-20,HOBBIES_1_084_TX_1,0.0,0.0,0.9941901359940492,HOBBIES_1_084,TX_1,TX,HOBBIES,0.0,0.0,201.8415186223624,,,0.994190135994049,,,,
2012-02-20,FOODS_3_465_CA_4,0.0,0.0,1.9854771371046,FOODS_3_465,CA_4,CA,FOODS,0.0,0.0,201.8415186223624,,,1.9854771371045996,,,,
2012-02-20,FOODS_3_328_CA_4,0.0,0.0,2.088569735351071,FOODS_3_328,CA_4,CA,FOODS,0.0,0.0,201.8415186223624,,,2.088569735351071,,,,
2012-02-20,FOODS_3_309_CA_4,0.0,0.0,1.2959271503992686,FOODS_3_309,CA_4,CA,FOODS,0.0,0.0,201.8415186223624,,,1.2959271503992686,,,,
2012-02-20,FOODS_3_179_CA_4,0.0,0.0,0.991241635642919,FOODS_3_179,CA_4,CA,FOODS,0.0,0.0,201.8415186223624,,,0.9912416356429188,,,,
2012-02-20,FOODS_2_173_CA_4,0.0,0.0,0.991241635642919,FOODS_2_173,CA_4,CA,FOODS,0.0,0.0,201.8415186223624,,,0.9912416356429188,,,,
2012-02-22,FOODS_3_123_TX_2,0.0,0.0,1.8647845565164232,FOODS_3_123,TX_2,TX,FOODS,0.0,0.0,204.96667304552733,,,1.864784556516423,,,,
2012-02-22,HOBBIES_1_391_TX_3,0.0,0.0,2.1224618761395377,HOBBIES_1_391,TX_3,TX,HOBBIES,0.0,0.0,204.96667304552733,,,2.1224618761395377,,,,
2012-02-22,HOBBIES_1_409_TX_3,0.0,0.0,0.991241635642919,HOBBIES_1_409,TX_3,TX,HOBBIES,0.0,0.0,204.96667304552733,,,0.991241635642919,,,,
2012-02-22,HOUSEHOLD_1_021_TX_3,0.0,0.0,3.157755950122445,HOUSEHOLD_1_021,TX_3,TX,HOUSEHOLD,0.0,0.0,204.96667304552733,,,3.157755950122445,,,,
2012-02-22,FOODS_1_005_TX_3,0.0,0.0,1.8026633538129024,FOODS_1_005,TX_3,TX,FOODS,0.0,0.0,204.96667304552733,,,1.8026633538129024,,,,
2012-02-22,HOUSEHOLD_2_407_TX_3,0.0,0.0,0.991241635642919,HOUSEHOLD_2_407,TX_3,TX,HOUSEHOLD,0.0,0.0,204.96667304552733,,,0.991241635642919,,,,
2012-02-22,FOODS_3_692_WI_3,0.0,0.0,4.135897642841944,FOODS_3_692,WI_3,WI,FOODS,0.0,0.0,204.96667304552733,,,4.135897642841944,,,,
2012-02-22,FOODS_2_311_TX_3,0.0,0.0,1.11630160516891,FOODS_2_311,TX_3,TX,FOODS,0.0,0.0,204.96667304552733,,,1.11630160516891,,,,
2012-02-22,FOODS_3_062_TX_2,0.0,0.0,1.3028901084768776,FOODS_3_062,TX_2,TX,FOODS,0.0,0.0,204.96667304552733,,,1.3028901084768776,,,,
2012-02-22,HOUSEHOLD_1_395_TX_3,0.0,0.0,2.90411906586186,HOUSEHOLD_1_395,TX_3,TX,HOUSEHOLD,0.0,0.0,204.96667304552733,,,2.90411906586186,,,,
2012-02-22,FOODS_2_368_TX_2,0.0,0.0,0.9941901359940492,FOODS_2_368,TX_2,TX,FOODS,0.0,0.0,204.96667304552733,,,0.9941901359940492,,,,
2012-02-22,FOODS_3_331_TX_1,0.0,0.0,2.756358554692281,FOODS_3_331,TX_1,TX,FOODS,0.0,0.0,204.96667304552733,,,2.756358554692281,,,,
2012-02-22,FOODS_1_049_TX_2,0.0,0.0,0.9941901359940492,FOODS_1_049,TX_2,TX,FOODS,0.0,0.0,204.96667304552733,,,0.9941901359940492,,,,
2012-02-22,HOUSEHOLD_2_424_TX_2,0.0,0.0,1.3028901084768776,HOUSEHOLD_2_424,TX_2,TX,HOUSEHOLD,0.0,0.0,204.96667304552733,,,1.3028901084768776,,,,
2012-02-22,HOUSEHOLD_2_410_TX_2,0.0,0.0,0.9941901359940492,HOUSEHOLD_2_410,TX_2,TX,HOUSEHOLD,0.0,0.0,204.96667304552733,,,0.9941901359940492,,,,
2012-02-22,HOUSEHOLD_2_296_TX_2,0.0,0.0,0.991241635642919,HOUSEHOLD_2_296,TX_2,TX,HOUSEHOLD,0.0,0.0,204.96667304552733,,,0.991241635642919,,,,
2012-02-22,HOUSEHOLD_1_408_TX_2,0.0,0.0,0.991241635642919,HOUSEHOLD_1_408,TX_2,TX,HOUSEHOLD,0.0,0.0,204.96667304552733,,,0.991241635642919,,,,
2012-02-22,HOUSEHOLD_1_188_TX_2,0.0,0.0,0.991241635642919,HOUSEHOLD_1_188,TX_2,TX,HOUSEHOLD,0.0,0.0,204.96667304552733,,,0.991241635642919,,,,
2012-02-22,HOBBIES_1_022_TX_2,0.0,0.0,0.991241635642919,HOBBIES_1_022,TX_2,TX,HOBBIES,0.0,0.0,204.96667304552733,,,0.991241635642919,,,,
2012-02-22,FOODS_3_645_TX_1,0.0,0.0,1.9332194959358004,FOODS_3_645,TX_1,TX,FOODS,0.0,0.0,204.96667304552733,,,1.9332194959358004,,,,
2012-02-22,FOODS_3_309_TX_1,0.0,0.0,1.0239484072312466,FOODS_3_309,TX_1,TX,FOODS,0.0,0.0,204.96667304552733,,,1.0239484072312466,,,,
2012-02-22,FOODS_3_165_TX_1,0.0,0.0,1.0239484072312466,FOODS_3_165,TX_1,TX,FOODS,0.0,0.0,204.96667304552733,,,1.0239484072312466,,,,
2012-02-22,FOODS_3_045_TX_3,0.0,0.0,1.3028901084768776,FOODS_3_045,TX_3,TX,FOODS,0.0,0.0,204.96667304552733,,,1.3028901084768776,,,,
2012-02-22,FOODS_2_295_TX_2,0.0,0.0,0.9941901359940492,FOODS_2_295,TX_2,TX,FOODS,0.0,0.0,204.96667304552733,,,0.9941901359940492,,,,
2012-02-22,FOODS_3_149_TX_3,0.0,0.0,1.3028901084768776,FOODS_3_149,TX_3,TX,FOODS,0.0,0.0,204.96667304552733,,,1.3028901084768776,,,,
2012-02-22,FOODS_2_212_WI_3,0.0,0.0,4.736205605542438,FOODS_2_212,WI_3,WI,FOODS,0.0,0.0,204.96667304552733,,,4.736205605542438,,,,
2012-02-22,HOBBIES_1_315_WI_1,0.0,0.0,1.0239484072312466,HOBBIES_1_315,WI_1,WI,HOBBIES,0.0,0.0,204.96667304552733,,,1.0239484072312466,,,,
2012-02-22,FOODS_3_118_TX_1,0.0,0.0,4.920924252765935,FOODS_3_118,TX_1,TX,FOODS,0.0,0.0,204.96667304552733,,,4.920924252765935,,,,
2012-02-22,FOODS_3_397_WI_3,0.0,0.0,1.0239484072312466,FOODS_3_397,WI_3,WI,FOODS,0.0,0.0,204.96667304552733,,,1.0239484072312466,,,,
2012-02-22,FOODS_3_023_WI_3,0.0,0.0,3.980684573255257,FOODS_3_023,WI_3,WI,FOODS,0.0,0.0,204.96667304552733,,,3.980684573255257,,,,
2012-02-22,FOODS_2_317_WI_3,0.0,0.0,2.3209974120035173,FOODS_2_317,WI_3,WI,FOODS,0.0,0.0,204.96667304552733,,,2.3209974120035173,,,,
2012-02-22,FOODS_2_127_WI_3,0.0,0.0,1.8026633538129024,FOODS_2_127,WI_3,WI,FOODS,0.0,0.0,204.96667304552733,,,1.8026633538129024,,,,
2012-02-22,HOUSEHOLD_2_287_WI_3,0.0,0.0,0.9941901359940492,HOUSEHOLD_2_287,WI_3,WI,HOUSEHOLD,0.0,0.0,204.96667304552733,,,0.9941901359940492,,,,
2012-02-22,HOUSEHOLD_2_211_WI_3,0.0,0.0,0.9941901359940492,HOUSEHOLD_2_211,WI_3,WI,HOUSEHOLD,0.0,0.0,204.96667304552733,,,0.9941901359940492,,,,
2012-02-22,HOUSEHOLD_2_209_WI_3,0.0,0.0,0.9941901359940492,HOUSEHOLD_2_209,WI_3,WI,HOUSEHOLD,0.0,0.0,204.96667304552733,,,0.9941901359940492,,,,
2012-02-22,HOBBIES_2_011_WI_3,0.0,0.0,0.9941901359940492,HOBBIES_2_011,WI_3,WI,HOBBIES,0.0,0.0,204.96667304552733,,,0.9941901359940492,,,,
2012-02-22,HOBBIES_1_343_WI_3,0.0,0.0,1.8026633538129024,HOBBIES_1_343,WI_3,WI,HOBBIES,0.0,0.0,204.96667304552733,,,1.8026633538129024,,,,
2012-02-22,HOBBIES_1_337_WI_3,0.0,0.0,4.404286552826396,HOBBIES_1_337,WI_3,WI,HOBBIES,0.0,0.0,204.96667304552733,,,4.404286552826396,,,,
2012-02-22,FOODS_3_295_TX_3,0.0,0.0,4.762894957601888,FOODS_3_295,TX_3,TX,FOODS,0.0,0.0,204.96667304552733,,,4.762894957601888,,,,
2012-02-22,FOODS_3_805_WI_2,0.0,0.0,4.1891513097238855,FOODS_3_805,WI_2,WI,FOODS,0.0,0.0,204.96667304552733,,,4.1891513097238855,,,,
2012-02-22,FOODS_2_042_WI_2,0.0,0.0,0.9941901359940492,FOODS_2_042,WI_2,WI,FOODS,0.0,0.0,204.96667304552733,,,0.9941901359940492,,,,
2012-02-22,HOUSEHOLD_2_292_WI_2,0.0,0.0,0.9941901359940492,HOUSEHOLD_2_292,WI_2,WI,HOUSEHOLD,0.0,0.0,204.96667304552733,,,0.9941901359940492,,,,
2012-02-22,HOUSEHOLD_1_255_WI_2,0.0,0.0,4.0743971484250014,HOUSEHOLD_1_255,WI_2,WI,HOUSEHOLD,0.0,0.0,204.96667304552733,,,4.0743971484250014,,,,
2012-02-22,HOBBIES_2_062_WI_2,0.0,0.0,0.9941901359940492,HOBBIES_2_062,WI_2,WI,HOBBIES,0.0,0.0,204.96667304552733,,,0.9941901359940492,,,,
2012-02-22,HOBBIES_1_108_WI_2,0.0,0.0,1.0239484072312466,HOBBIES_1_108,WI_2,WI,HOBBIES,0.0,0.0,204.96667304552733,,,1.0239484072312466,,,,
2012-02-22,FOODS_3_584_WI_1,0.0,0.0,3.911507320723728,FOODS_3_584,WI_1,WI,FOODS,0.0,0.0,204.96667304552733,,,3.911507320723728,,,,
2012-02-22,FOODS_3_134_WI_1,0.0,0.0,1.0239484072312466,FOODS_3_134,WI_1,WI,FOODS,0.0,0.0,204.96667304552733,,,1.0239484072312466,,,,
2012-02-22,FOODS_2_052_WI_1,0.0,0.0,1.1460598764061072,FOODS_2_052,WI_1,WI,FOODS,0.0,0.0,204.96667304552733,,,1.1460598764061072,,,,
2012-02-22,FOODS_1_176_WI_1,0.0,0.0,4.439566214013986,FOODS_1_176,WI_1,WI,FOODS,0.0,0.0,204.96667304552733,,,4.439566214013986,,,,
2012-02-22,HOUSEHOLD_1_272_WI_1,0.0,0.0,1.9958740201815013,HOUSEHOLD_1_272,WI_1,WI,HOUSEHOLD,0.0,0.0,204.96667304552733,,,1.9958740201815013,,,,
2012-02-22,HOUSEHOLD_1_170_WI_1,0.0,0.0,1.0239484072312466,HOUSEHOLD_1_170,WI_1,WI,HOUSEHOLD,0.0,0.0,204.96667304552733,,,1.0239484072312466,,,,
2012-02-22,FOODS_3_356_WI_2,0.0,0.0,1.8026633538129024,FOODS_3_356,WI_2,WI,FOODS,0.0,0.0,204.96667304552733,,,1.8026633538129024,,,,
2012-02-22,FOODS_2_348_TX_1,0.0,0.0,2.164171748167426,FOODS_2_348,TX_1,TX,FOODS,0.0,0.0,204.96667304552733,,,2.164171748167426,,,,
2012-02-22,FOODS_1_079_CA_4,0.0,0.0,0.9941901359940492,FOODS_1_079,CA_4,CA,FOODS,0.0,0.0,204.96667304552733,,,0.9941901359940492,,,,
2012-02-22,FOODS_2_285_TX_1,0.0,0.0,6.710704366506945,FOODS_2_285,TX_1,TX,FOODS,0.0,0.0,204.96667304552733,,,6.7107043665069455,,,,
2012-02-22,FOODS_3_678_CA_3,0.0,0.0,2.543626867526984,FOODS_3_678,CA_3,CA,FOODS,0.0,0.0,204.96667304552733,,,2.543626867526984,,,,
2012-02-22,FOODS_3_457_CA_3,0.0,0.0,1.3028901084768776,FOODS_3_457,CA_3,CA,FOODS,0.0,0.0,204.96667304552733,,,1.3028901084768776,,,,
2012-02-22,FOODS_3_161_CA_3,0.0,0.0,1.3028901084768776,FOODS_3_161,CA_3,CA,FOODS,0.0,0.0,204.96667304552733,,,1.3028901084768776,,,,
2012-02-22,FOODS_1_183_CA_3,0.0,0.0,5.548293160878777,FOODS_1_183,CA_3,CA,FOODS,0.0,0.0,204.96667304552733,,,5.548293160878777,,,,
2012-02-22,HOUSEHOLD_2_383_CA_3,0.0,0.0,1.926649280785868,HOUSEHOLD_2_383,CA_3,CA,HOUSEHOLD,0.0,0.0,204.96667304552733,,,1.926649280785868,,,,
2012-02-22,HOUSEHOLD_2_234_CA_3,0.0,0.0,0.991241635642919,HOUSEHOLD_2_234,CA_3,CA,HOUSEHOLD,0.0,0.0,204.96667304552733,,,0.991241635642919,,,,
2012-02-22,HOBBIES_2_034_CA_3,0.0,0.0,0.991241635642919,HOBBIES_2_034,CA_3,CA,HOBBIES,0.0,0.0,204.96667304552733,,,0.991241635642919,,,,
2012-02-22,HOBBIES_1_165_CA_3,0.0,0.0,0.991241635642919,HOBBIES_1_165,CA_3,CA,HOBBIES,0.0,0.0,204.96667304552733,,,0.991241635642919,,,,
2012-02-22,FOODS_3_030_CA_2,0.0,0.0,5.169704494881137,FOODS_3_030,CA_2,CA,FOODS,0.0,0.0,204.96667304552733,,,5.169704494881137,,,,
2012-02-22,HOUSEHOLD_2_004_CA_2,0.0,0.0,1.2959271503992686,HOUSEHOLD_2_004,CA_2,CA,HOUSEHOLD,0.0,0.0,204.96667304552733,,,1.2959271503992686,,,,
2012-02-22,HOBBIES_2_116_CA_2,0.0,0.0,0.991241635642919,HOBBIES_2_116,CA_2,CA,HOBBIES,0.0,0.0,204.96667304552733,,,0.991241635642919,,,,
2012-02-22,HOBBIES_1_178_CA_2,0.0,0.0,0.991241635642919,HOBBIES_1_178,CA_2,CA,HOBBIES,0.0,0.0,204.96667304552733,,,0.991241635642919,,,,
2012-02-22,FOODS_3_459_CA_1,0.0,0.0,0.991241635642919,FOODS_3_459,CA_1,CA,FOODS,0.0,0.0,204.96667304552733,,,0.991241635642919,,,,
2012-02-22,FOODS_3_096_CA_1,0.0,0.0,3.049805680825364,FOODS_3_096,CA_1,CA,FOODS,0.0,0.0,204.96667304552733,,,3.049805680825364,,,,
2012-02-22,FOODS_2_382_CA_1,0.0,0.0,3.5867469720702494,FOODS_2_382,CA_1,CA,FOODS,0.0,0.0,204.96667304552733,,,3.5867469720702494,,,,
2012-02-22,FOODS_2_166_CA_1,0.0,0.0,2.0524453817857693,FOODS_2_166,CA_1,CA,FOODS,0.0,0.0,204.96667304552733,,,2.0524453817857693,,,,
2012-02-22,HOUSEHOLD_2_408_CA_1,0.0,0.0,0.9941901359940492,HOUSEHOLD_2_408,CA_1,CA,HOUSEHOLD,0.0,0.0,204.96667304552733,,,0.9941901359940492,,,,
2012-02-22,HOUSEHOLD_2_362_CA_1,0.0,0.0,0.9941901359940492,HOUSEHOLD_2_362,CA_1,CA,HOUSEHOLD,0.0,0.0,204.96667304552733,,,0.9941901359940492,,,,
2012-02-22,HOUSEHOLD_1_537_CA_1,0.0,0.0,3.0506574145623344,HOUSEHOLD_1_537,CA_1,CA,HOUSEHOLD,0.0,0.0,204.96667304552733,,,3.0506574145623344,,,,
2012-02-22,HOBBIES_2_076_CA_1,0.0,0.0,0.9941901359940492,HOBBIES_2_076,CA_1,CA,HOBBIES,0.0,0.0,204.96667304552733,,,0.9941901359940492,,,,
2012-02-22,HOBBIES_1_287_CA_1,0.0,0.0,2.212848077465188,HOBBIES_1_287,CA_1,CA,HOBBIES,0.0,0.0,204.96667304552733,,,2.212848077465188,,,,
2012-02-22,HOBBIES_1_100_CA_1,0.0,0.0,2.543626867526984,HOBBIES_1_100,CA_1,CA,HOBBIES,0.0,0.0,204.96667304552733,,,2.543626867526984,,,,
2012-02-22,FOODS_2_332_TX_1,0.0,0.0,2.095736808748048,FOODS_2_332,TX_1,TX,FOODS,0.0,0.0,204.96667304552733,,,2.095736808748048,,,,
2012-02-22,FOODS_3_765_CA_3,0.0,0.0,2.6964170231279483,FOODS_3_765,CA_3,CA,FOODS,0.0,0.0,204.96667304552733,,,2.6964170231279483,,,,
2012-02-22,HOBBIES_1_295_CA_4,0.0,0.0,2.148765237202863,HOBBIES_1_295,CA_4,CA,HOBBIES,0.0,0.0,204.96667304552733,,,2.148765237202863,,,,
2012-02-22,HOUSEHOLD_1_468_CA_1,0.0,0.0,3.302797452032919,HOUSEHOLD_1_468,CA_1,CA,HOUSEHOLD,0.0,0.0,204.96667304552733,,,3.302797452032919,,,,
2012-02-22,HOUSEHOLD_2_062_CA_4,0.0,0.0,1.3028901084768776,HOUSEHOLD_2_062,CA_4,CA,HOUSEHOLD,0.0,0.0,204.96667304552733,,,1.3028901084768776,,,,
2012-02-22,FOODS_2_184_TX_1,0.0,0.0,5.083968943682497,FOODS_2_184,TX_1,TX,FOODS,0.0,0.0,204.96667304552733,,,5.083968943682497,,,,
2012-02-22,HOBBIES_2_003_CA_4,0.0,0.0,0.9941901359940492,HOBBIES_2_003,CA_4,CA,HOBBIES,0.0,0.0,204.96667304552733,,,0.9941901359940492,,,,
2012-02-22,FOODS_2_031_TX_1,0.0,0.0,2.0524453817857693,FOODS_2_031,TX_1,TX,FOODS,0.0,0.0,204.96667304552733,,,2.0524453817857693,,,,
2012-02-22,HOUSEHOLD_2_485_TX_1,0.0,0.0,1.3028901084768776,HOUSEHOLD_2_485,TX_1,TX,HOUSEHOLD,0.0,0.0,204.96667304552733,,,1.3028901084768776,,,,
2012-02-22,HOUSEHOLD_2_183_TX_1,0.0,0.0,0.9941901359940492,HOUSEHOLD_2_183,TX_1,TX,HOUSEHOLD,0.0,0.0,204.96667304552733,,,0.9941901359940492,,,,
2012-02-22,HOUSEHOLD_2_069_TX_1,0.0,0.0,0.9941901359940492,HOUSEHOLD_2_069,TX_1,TX,HOUSEHOLD,0.0,0.0,204.96667304552733,,,0.9941901359940492,,,,
2012-02-22,HOUSEHOLD_1_462_TX_1,0.0,0.0,2.908703716881293,HOUSEHOLD_1_462,TX_1,TX,HOUSEHOLD,0.0,0.0,204.96667304552733,,,2.908703716881293,,,,
2012-02-22,HOUSEHOLD_1_446_TX_1,0.0,0.0,1.0030037313503712,HOUSEHOLD_1_446,TX_1,TX,HOUSEHOLD,0.0,0.0,204.96667304552733,,,1.0030037313503712,,,,
2012-02-22,HOUSEHOLD_1_224_TX_1,0.0,0.0,1.0030037313503712,HOUSEHOLD_1_224,TX_1,TX,HOUSEHOLD,0.0,0.0,204.96667304552733,,,1.0030037313503712,,,,
2012-02-22,HOUSEHOLD_1_028_TX_1,0.0,0.0,3.941558512015008,HOUSEHOLD_1_028,TX_1,TX,HOUSEHOLD,0.0,0.0,204.96667304552733,,,3.941558512015008,,,,
2012-02-22,HOBBIES_2_100_TX_1,0.0,0.0,0.991241635642919,HOBBIES_2_100,TX_1,TX,HOBBIES,0.0,0.0,204.96667304552733,,,0.991241635642919,,,,
2012-02-22,FOODS_1_177_TX_1,0.0,0.0,1.3028901084768776,FOODS_1_177,TX_1,TX,FOODS,0.0,0.0,204.96667304552733,,,1.3028901084768776,,,,
2012-02-22,HOBBIES_1_297_TX_1,0.0,0.0,1.11335310481778,HOBBIES_1_297,TX_1,TX,HOBBIES,0.0,0.0,204.96667304552733,,,1.11335310481778,,,,
2012-02-22,HOBBIES_2_020_TX_1,0.0,0.0,1.0030037313503712,HOBBIES_2_020,TX_1,TX,HOBBIES,0.0,0.0,204.96667304552733,,,1.0030037313503712,,,,
2012-02-22,FOODS_2_126_CA_4,0.0,0.0,1.9203355440700107,FOODS_2_126,CA_4,CA,FOODS,0.0,0.0,204.96667304552733,,,1.9203355440700107,,,,
2012-02-22,FOODS_2_173_CA_4,0.0,0.0,1.4250015776517386,FOODS_2_173,CA_4,CA,FOODS,0.0,0.0,204.96667304552733,,,1.4250015776517386,,,,
2012-02-22,HOUSEHOLD_2_253_CA_4,0.0,0.0,0.9941901359940492,HOUSEHOLD_2_253,CA_4,CA,HOUSEHOLD,0.0,0.0,204.96667304552733,,,0.9941901359940492,,,,
2012-02-22,FOODS_3_179_CA_4,0.0,0.0,1.11630160516891,FOODS_3_179,CA_4,CA,FOODS,0.0,0.0,204.96667304552733,,,1.11630160516891,,,,
2012-02-22,FOODS_2_124_CA_4,0.0,0.0,1.0239484072312466,FOODS_2_124,CA_4,CA,FOODS,0.0,0.0,204.96667304552733,,,1.0239484072312466,,,,
2012-02-22,FOODS_3_328_CA_4,0.0,0.0,2.119006965965666,FOODS_3_328,CA_4,CA,FOODS,0.0,0.0,204.96667304552733,,,2.119006965965666,,,,
2012-02-22,FOODS_3_465_CA_4,0.0,0.0,1.11630160516891,FOODS_3_465,CA_4,CA,FOODS,0.0,0.0,204.96667304552733,,,1.11630160516891,,,,
2012-02-22,HOBBIES_1_084_TX_1,0.0,0.0,0.9941901359940492,HOBBIES_1_084,TX_1,TX,HOBBIES,0.0,0.0,204.96667304552733,,,0.9941901359940492,,,,
2012-02-22,HOBBIES_1_163_TX_1,0.0,0.0,1.2959271503992686,HOBBIES_1_163,TX_1,TX,HOBBIES,0.0,0.0,204.96667304552733,,,1.2959271503992686,,,,
2012-02-22,FOODS_3_309_CA_4,0.0,0.0,0.9941901359940492,FOODS_3_309,CA_4,CA,FOODS,0.0,0.0,204.96667304552733,,,0.9941901359940492,,,,
2012-02-29,FOODS_3_165_TX_1,0.0,0.0,0.9941901359940492,FOODS_3_165,TX_1,TX,FOODS,0.0,0.0,196.03481257307735,,,0.994190135994049,,,,
2012-02-29,FOODS_2_368_TX_2,0.0,0.0,0.9941901359940492,FOODS_2_368,TX_2,TX,FOODS,0.0,0.0,196.03481257307735,,,0.994190135994049,,,,
2012-02-29,HOUSEHOLD_1_188_TX_2,0.0,0.0,2.0406832860783184,HOUSEHOLD_1_188,TX_2,TX,HOUSEHOLD,0.0,0.0,196.03481257307735,,,2.0406832860783184,,,,
2012-02-29,HOBBIES_1_022_TX_2,0.0,0.0,2.212848077465188,HOBBIES_1_022,TX_2,TX,HOBBIES,0.0,0.0,196.03481257307735,,,2.212848077465188,,,,
2012-02-29,FOODS_3_645_TX_1,0.0,0.0,1.7980787027934688,FOODS_3_645,TX_1,TX,FOODS,0.0,0.0,196.03481257307735,,,1.798078702793469,,,,
2012-02-29,FOODS_3_331_TX_1,0.0,0.0,2.083985084331637,FOODS_3_331,TX_1,TX,FOODS,0.0,0.0,196.03481257307735,,,2.083985084331637,,,,
2012-02-29,FOODS_3_309_TX_1,0.0,0.0,0.9941901359940492,FOODS_3_309,TX_1,TX,FOODS,0.0,0.0,196.03481257307735,,,0.994190135994049,,,,
2012-02-29,FOODS_3_062_TX_2,0.0,0.0,2.5609162248352386,FOODS_3_062,TX_2,TX,FOODS,0.0,0.0,196.03481257307735,,,2.5609162248352386,,,,
2012-02-29,FOODS_2_184_TX_1,0.0,0.0,6.559021742291949,FOODS_2_184,TX_1,TX,FOODS,0.0,0.0,196.03481257307735,,,6.55902174229195,,,,
2012-02-29,FOODS_2_348_TX_1,0.0,0.0,0.9941901359940492,FOODS_2_348,TX_1,TX,FOODS,0.0,0.0,196.03481257307735,,,0.994190135994049,,,,
2012-02-29,FOODS_2_332_TX_1,0.0,0.0,0.9941901359940492,FOODS_2_332,TX_1,TX,FOODS,0.0,0.0,196.03481257307735,,,0.994190135994049,,,,
2012-02-29,FOODS_2_285_TX_1,0.0,0.0,5.173244632659919,FOODS_2_285,TX_1,TX,FOODS,0.0,0.0,196.03481257307735,,,5.173244632659919,,,,
2012-02-29,FOODS_2_031_TX_1,0.0,0.0,0.991241635642919,FOODS_2_031,TX_1,TX,FOODS,0.0,0.0,196.03481257307735,,,0.991241635642919,,,,
2012-02-29,FOODS_1_177_TX_1,0.0,0.0,1.8561854477705104,FOODS_1_177,TX_1,TX,FOODS,0.0,0.0,196.03481257307735,,,1.8561854477705104,,,,
2012-02-29,HOUSEHOLD_2_485_TX_1,0.0,0.0,1.7980787027934688,HOUSEHOLD_2_485,TX_1,TX,HOUSEHOLD,0.0,0.0,196.03481257307735,,,1.798078702793469,,,,
2012-02-29,HOUSEHOLD_2_183_TX_1,0.0,0.0,1.11335310481778,HOUSEHOLD_2_183,TX_1,TX,HOUSEHOLD,0.0,0.0,196.03481257307735,,,1.11335310481778,,,,
2012-02-29,FOODS_3_123_TX_2,0.0,0.0,1.8710982932322804,FOODS_3_123,TX_2,TX,FOODS,0.0,0.0,196.03481257307735,,,1.8710982932322808,,,,
2012-02-29,HOUSEHOLD_2_069_TX_1,0.0,0.0,0.991241635642919,HOUSEHOLD_2_069,TX_1,TX,HOUSEHOLD,0.0,0.0,196.03481257307735,,,0.991241635642919,,,,
2012-02-29,FOODS_3_118_TX_1,0.0,0.0,4.191735907002169,FOODS_3_118,TX_1,TX,FOODS,0.0,0.0,196.03481257307735,,,4.191735907002169,,,,
2012-02-29,HOBBIES_1_391_TX_3,0.0,0.0,2.088569735351071,HOBBIES_1_391,TX_3,TX,HOBBIES,0.0,0.0,196.03481257307735,,,2.088569735351071,,,,
2012-02-29,HOUSEHOLD_1_272_WI_1,0.0,0.0,2.148765237202863,HOUSEHOLD_1_272,WI_1,WI,HOUSEHOLD,0.0,0.0,196.03481257307735,,,2.148765237202863,,,,
2012-02-29,HOUSEHOLD_1_021_TX_3,0.0,0.0,6.799683143638224,HOUSEHOLD_1_021,TX_3,TX,HOUSEHOLD,0.0,0.0,196.03481257307735,,,6.799683143638224,,,,
2012-02-29,HOUSEHOLD_1_462_TX_1,0.0,0.0,1.11335310481778,HOUSEHOLD_1_462,TX_1,TX,HOUSEHOLD,0.0,0.0,196.03481257307735,,,1.11335310481778,,,,
2012-02-29,FOODS_3_023_WI_3,0.0,0.0,4.4999004889095895,FOODS_3_023,WI_3,WI,FOODS,0.0,0.0,196.03481257307735,,,4.4999004889095895,,,,
2012-02-29,FOODS_2_317_WI_3,0.0,0.0,1.4250015776517386,FOODS_2_317,WI_3,WI,FOODS,0.0,0.0,196.03481257307735,,,1.4250015776517386,,,,
2012-02-29,HOBBIES_1_343_WI_3,0.0,0.0,1.9825286367534705,HOBBIES_1_343,WI_3,WI,HOBBIES,0.0,0.0,196.03481257307735,,,1.9825286367534705,,,,
2012-02-29,HOBBIES_1_337_WI_3,0.0,0.0,4.807080374205495,HOBBIES_1_337,WI_3,WI,HOBBIES,0.0,0.0,196.03481257307735,,,4.807080374205495,,,,
2012-02-29,FOODS_3_805_WI_2,0.0,0.0,4.019280355286649,FOODS_3_805,WI_2,WI,FOODS,0.0,0.0,196.03481257307735,,,4.019280355286649,,,,
2012-02-29,FOODS_3_356_WI_2,0.0,0.0,1.11335310481778,FOODS_3_356,WI_2,WI,FOODS,0.0,0.0,196.03481257307735,,,1.11335310481778,,,,
2012-02-29,FOODS_2_042_WI_2,0.0,0.0,0.991241635642919,FOODS_2_042,WI_2,WI,FOODS,0.0,0.0,196.03481257307735,,,0.991241635642919,,,,
2012-02-29,HOUSEHOLD_2_292_WI_2,0.0,0.0,0.991241635642919,HOUSEHOLD_2_292,WI_2,WI,HOUSEHOLD,0.0,0.0,196.03481257307735,,,0.991241635642919,,,,
2012-02-29,HOUSEHOLD_1_255_WI_2,0.0,0.0,0.991241635642919,HOUSEHOLD_1_255,WI_2,WI,HOUSEHOLD,0.0,0.0,196.03481257307735,,,0.991241635642919,,,,
2012-02-29,HOUSEHOLD_1_170_WI_1,0.0,0.0,2.119006965965666,HOUSEHOLD_1_170,WI_1,WI,HOUSEHOLD,0.0,0.0,196.03481257307735,,,2.119006965965666,,,,
2012-02-29,HOBBIES_1_315_WI_1,0.0,0.0,0.9941901359940492,HOBBIES_1_315,WI_1,WI,HOBBIES,0.0,0.0,196.03481257307735,,,0.994190135994049,,,,
2012-02-29,FOODS_3_295_TX_3,0.0,0.0,3.376983338584562,FOODS_3_295,TX_3,TX,FOODS,0.0,0.0,196.03481257307735,,,3.376983338584562,,,,
2012-02-29,FOODS_3_149_TX_3,0.0,0.0,1.887972612603687,FOODS_3_149,TX_3,TX,FOODS,0.0,0.0,196.03481257307735,,,1.887972612603687,,,,
2012-02-29,FOODS_3_045_TX_3,0.0,0.0,1.887972612603687,FOODS_3_045,TX_3,TX,FOODS,0.0,0.0,196.03481257307735,,,1.887972612603687,,,,
2012-02-29,FOODS_2_311_TX_3,0.0,0.0,2.148765237202863,FOODS_2_311,TX_3,TX,FOODS,0.0,0.0,196.03481257307735,,,2.148765237202863,,,,
2012-02-29,FOODS_1_005_TX_3,0.0,0.0,1.11630160516891,FOODS_1_005,TX_3,TX,FOODS,0.0,0.0,196.03481257307735,,,1.11630160516891,,,,
2012-02-29,HOUSEHOLD_2_407_TX_3,0.0,0.0,0.9941901359940492,HOUSEHOLD_2_407,TX_3,TX,HOUSEHOLD,0.0,0.0,196.03481257307735,,,0.994190135994049,,,,
2012-02-29,HOUSEHOLD_1_395_TX_3,0.0,0.0,0.9941901359940492,HOUSEHOLD_1_395,TX_3,TX,HOUSEHOLD,0.0,0.0,196.03481257307735,,,0.994190135994049,,,,
2012-02-29,HOBBIES_1_409_TX_3,0.0,0.0,1.9854771371046,HOBBIES_1_409,TX_3,TX,HOBBIES,0.0,0.0,196.03481257307735,,,1.9854771371046,,,,
2012-02-29,HOUSEHOLD_1_446_TX_1,0.0,0.0,0.991241635642919,HOUSEHOLD_1_446,TX_1,TX,HOUSEHOLD,0.0,0.0,196.03481257307735,,,0.991241635642919,,,,
2012-02-29,HOUSEHOLD_2_234_CA_3,0.0,0.0,1.0199163474678012,HOUSEHOLD_2_234,CA_3,CA,HOUSEHOLD,0.0,0.0,196.03481257307735,,,1.0199163474678012,,,,
2012-02-29,HOUSEHOLD_1_028_TX_1,0.0,0.0,4.807080374205495,HOUSEHOLD_1_028,TX_1,TX,HOUSEHOLD,0.0,0.0,196.03481257307735,,,4.807080374205495,,,,
2012-02-29,HOBBIES_2_034_CA_3,0.0,0.0,1.0199163474678012,HOBBIES_2_034,CA_3,CA,HOBBIES,0.0,0.0,196.03481257307735,,,1.0199163474678012,,,,
2012-02-29,HOBBIES_1_165_CA_3,0.0,0.0,1.0199163474678012,HOBBIES_1_165,CA_3,CA,HOBBIES,0.0,0.0,196.03481257307735,,,1.0199163474678012,,,,
2012-02-29,FOODS_3_030_CA_2,0.0,0.0,6.476836713978871,FOODS_3_030,CA_2,CA,FOODS,0.0,0.0,196.03481257307735,,,6.476836713978871,,,,
2012-02-29,HOUSEHOLD_2_004_CA_2,0.0,0.0,2.856692895005056,HOUSEHOLD_2_004,CA_2,CA,HOUSEHOLD,0.0,0.0,196.03481257307735,,,2.856692895005056,,,,
2012-02-29,HOBBIES_2_116_CA_2,0.0,0.0,1.0199163474678012,HOBBIES_2_116,CA_2,CA,HOBBIES,0.0,0.0,196.03481257307735,,,1.0199163474678012,,,,
2012-02-29,HOBBIES_1_178_CA_2,0.0,0.0,5.514050458412099,HOBBIES_1_178,CA_2,CA,HOBBIES,0.0,0.0,196.03481257307735,,,5.514050458412099,,,,
2012-02-29,FOODS_3_459_CA_1,0.0,0.0,4.743649719461556,FOODS_3_459,CA_1,CA,FOODS,0.0,0.0,196.03481257307735,,,4.743649719461556,,,,
2012-02-29,FOODS_3_096_CA_1,0.0,0.0,2.528240461717437,FOODS_3_096,CA_1,CA,FOODS,0.0,0.0,196.03481257307735,,,2.528240461717437,,,,
2012-02-29,HOUSEHOLD_2_383_CA_3,0.0,0.0,0.9941901359940492,HOUSEHOLD_2_383,CA_3,CA,HOUSEHOLD,0.0,0.0,196.03481257307735,,,0.994190135994049,,,,
2012-02-29,FOODS_2_382_CA_1,0.0,0.0,3.539278894243022,FOODS_2_382,CA_1,CA,FOODS,0.0,0.0,196.03481257307735,,,3.5392788942430213,,,,
2012-02-29,HOUSEHOLD_2_408_CA_1,0.0,0.0,0.991241635642919,HOUSEHOLD_2_408,CA_1,CA,HOUSEHOLD,0.0,0.0,196.03481257307735,,,0.991241635642919,,,,
2012-02-29,HOUSEHOLD_2_362_CA_1,0.0,0.0,1.0184284339059413,HOUSEHOLD_2_362,CA_1,CA,HOUSEHOLD,0.0,0.0,196.03481257307735,,,1.0184284339059413,,,,
2012-02-29,HOUSEHOLD_1_537_CA_1,0.0,0.0,3.5135323284565483,HOUSEHOLD_1_537,CA_1,CA,HOUSEHOLD,0.0,0.0,196.03481257307735,,,3.513532328456548,,,,
2012-02-29,HOUSEHOLD_1_468_CA_1,0.0,0.0,3.455943925161045,HOUSEHOLD_1_468,CA_1,CA,HOUSEHOLD,0.0,0.0,196.03481257307735,,,3.455943925161045,,,,
2012-02-29,HOBBIES_2_076_CA_1,0.0,0.0,1.0184284339059413,HOBBIES_2_076,CA_1,CA,HOBBIES,0.0,0.0,196.03481257307735,,,1.0184284339059413,,,,
2012-02-29,HOBBIES_1_287_CA_1,0.0,0.0,3.581355312064289,HOBBIES_1_287,CA_1,CA,HOBBIES,0.0,0.0,196.03481257307735,,,3.581355312064289,,,,
2012-02-29,HOBBIES_1_100_CA_1,0.0,0.0,3.1657391753199167,HOBBIES_1_100,CA_1,CA,HOBBIES,0.0,0.0,196.03481257307735,,,3.1657391753199167,,,,
2012-02-29,FOODS_3_397_WI_3,0.0,0.0,1.0239484072312466,FOODS_3_397,WI_3,WI,FOODS,0.0,0.0,196.03481257307735,,,1.0239484072312466,,,,
2012-02-29,FOODS_2_166_CA_1,0.0,0.0,1.11335310481778,FOODS_2_166,CA_1,CA,FOODS,0.0,0.0,196.03481257307735,,,1.11335310481778,,,,
2012-02-29,FOODS_1_183_CA_3,0.0,0.0,2.488075879973396,FOODS_1_183,CA_3,CA,FOODS,0.0,0.0,196.03481257307735,,,2.488075879973396,,,,
2012-02-29,FOODS_3_161_CA_3,0.0,0.0,1.8647845565164232,FOODS_3_161,CA_3,CA,FOODS,0.0,0.0,196.03481257307735,,,1.8647845565164232,,,,
2012-02-29,FOODS_3_457_CA_3,0.0,0.0,2.4987950221317186,FOODS_3_457,CA_3,CA,FOODS,0.0,0.0,196.03481257307735,,,2.4987950221317186,,,,
2012-02-29,HOBBIES_2_100_TX_1,0.0,0.0,0.991241635642919,HOBBIES_2_100,TX_1,TX,HOBBIES,0.0,0.0,196.03481257307735,,,0.991241635642919,,,,
2012-02-29,HOBBIES_2_020_TX_1,0.0,0.0,1.2959271503992686,HOBBIES_2_020,TX_1,TX,HOBBIES,0.0,0.0,196.03481257307735,,,1.2959271503992686,,,,
2012-02-29,HOBBIES_1_297_TX_1,0.0,0.0,1.11335310481778,HOBBIES_1_297,TX_1,TX,HOBBIES,0.0,0.0,196.03481257307735,,,1.11335310481778,,,,
2012-02-29,HOBBIES_1_163_TX_1,0.0,0.0,1.7980787027934688,HOBBIES_1_163,TX_1,TX,HOBBIES,0.0,0.0,196.03481257307735,,,1.798078702793469,,,,
2012-02-29,HOBBIES_1_084_TX_1,0.0,0.0,0.991241635642919,HOBBIES_1_084,TX_1,TX,HOBBIES,0.0,0.0,196.03481257307735,,,0.991241635642919,,,,
2012-02-29,FOODS_3_465_CA_4,0.0,0.0,1.0030037313503712,FOODS_3_465,CA_4,CA,FOODS,0.0,0.0,196.03481257307735,,,1.0030037313503712,,,,
2012-02-29,FOODS_3_328_CA_4,0.0,0.0,2.947420915422922,FOODS_3_328,CA_4,CA,FOODS,0.0,0.0,196.03481257307735,,,2.947420915422922,,,,
2012-02-29,FOODS_3_309_CA_4,0.0,0.0,0.991241635642919,FOODS_3_309,CA_4,CA,FOODS,0.0,0.0,196.03481257307735,,,0.991241635642919,,,,
2012-02-29,FOODS_3_179_CA_4,0.0,0.0,0.991241635642919,FOODS_3_179,CA_4,CA,FOODS,0.0,0.0,196.03481257307735,,,0.991241635642919,,,,
2012-02-29,FOODS_2_173_CA_4,0.0,0.0,1.7980787027934688,FOODS_2_173,CA_4,CA,FOODS,0.0,0.0,196.03481257307735,,,1.798078702793469,,,,
2012-02-29,FOODS_2_126_CA_4,0.0,0.0,2.220502799251012,FOODS_2_126,CA_4,CA,FOODS,0.0,0.0,196.03481257307735,,,2.220502799251012,,,,
2012-02-29,FOODS_2_124_CA_4,0.0,0.0,2.290145049823981,FOODS_2_124,CA_4,CA,FOODS,0.0,0.0,196.03481257307735,,,2.290145049823981,,,,
2012-02-29,FOODS_1_079_CA_4,0.0,0.0,1.0199163474678012,FOODS_1_079,CA_4,CA,FOODS,0.0,0.0,196.03481257307735,,,1.0199163474678012,,,,
2012-02-29,HOUSEHOLD_2_253_CA_4,0.0,0.0,1.0199163474678012,HOUSEHOLD_2_253,CA_4,CA,HOUSEHOLD,0.0,0.0,196.03481257307735,,,1.0199163474678012,,,,
2012-02-29,HOUSEHOLD_2_062_CA_4,0.0,0.0,2.089946657128116,HOUSEHOLD_2_062,CA_4,CA,HOUSEHOLD,0.0,0.0,196.03481257307735,,,2.089946657128116,,,,
2012-02-29,HOBBIES_2_003_CA_4,0.0,0.0,1.1420278166426618,HOBBIES_2_003,CA_4,CA,HOBBIES,0.0,0.0,196.03481257307735,,,1.1420278166426618,,,,
2012-02-29,HOBBIES_1_295_CA_4,0.0,0.0,5.941627905108256,HOBBIES_1_295,CA_4,CA,HOBBIES,0.0,0.0,196.03481257307735,,,5.941627905108256,,,,
2012-02-29,FOODS_3_765_CA_3,0.0,0.0,1.9332194959358004,FOODS_3_765,CA_3,CA,FOODS,0.0,0.0,196.03481257307735,,,1.9332194959358004,,,,
2012-02-29,FOODS_3_678_CA_3,0.0,0.0,2.908703716881293,FOODS_3_678,CA_3,CA,FOODS,0.0,0.0,196.03481257307735,,,2.908703716881293,,,,
2012-02-29,HOUSEHOLD_1_224_TX_1,0.0,0.0,0.991241635642919,HOUSEHOLD_1_224,TX_1,TX,HOUSEHOLD,0.0,0.0,196.03481257307735,,,0.991241635642919,,,,
2012-02-29,FOODS_3_692_WI_3,0.0,0.0,7.603229317812348,FOODS_3_692,WI_3,WI,FOODS,0.0,0.0,196.03481257307735,,,7.603229317812348,,,,
